experiment,condition,mode,seed,step,oxygen,glucose,IFN_gamma,IL2,PD_L1,TGF_beta
baseline,baseline,none,1024,1,0.082785,4.083627,0.0,0.0,0.002509,0.00546
baseline,baseline,none,1024,2,0.080176,3.975513,0.0,0.0,0.004595,0.010483
baseline,baseline,none,1024,3,0.077557,3.865561,0.0,0.0,0.0064,0.015104
baseline,baseline,none,1024,4,0.074932,3.75431,0.0,0.0,0.007951,0.019356
baseline,baseline,none,1024,5,0.072296,3.641522,0.00625,0.00275,0.077302,0.069642
baseline,baseline,none,1024,6,0.069675,3.528478,0.00625,0.002582,0.065557,0.07073
baseline,baseline,none,1024,7,0.067028,3.413469,0.005625,0.002426,0.056375,0.072257
baseline,baseline,none,1024,8,0.064382,3.297472,0.005063,0.002279,0.049145,0.076886
baseline,baseline,none,1024,9,0.061729,3.180235,0.004556,0.002142,0.043479,0.086395
baseline,baseline,none,1024,10,0.05904,3.060267,0.051601,0.008763,0.108053,0.159218
baseline,baseline,none,1024,11,0.056385,2.941222,0.051691,0.008288,0.09136,0.170016
baseline,baseline,none,1024,12,0.053731,2.821383,0.046672,0.007839,0.078118,0.181274
baseline,baseline,none,1024,13,0.051063,2.699976,0.042079,0.007415,0.067716,0.193057
baseline,baseline,none,1024,14,0.048394,2.577921,0.037871,0.007014,0.059526,0.204572
baseline,baseline,none,1024,15,0.045759,2.458009,0.110084,0.010261,0.100648,0.268166
baseline,baseline,none,1024,16,0.043249,2.347299,0.107826,0.009647,0.085954,0.273502
baseline,baseline,none,1024,17,0.040807,2.241739,0.097118,0.009068,0.074486,0.278736
baseline,baseline,none,1024,18,0.038449,2.141153,0.087481,0.008522,0.065441,0.284376
baseline,baseline,none,1024,19,0.036303,2.048739,0.078733,0.008008,0.058266,0.289865
baseline,baseline,none,1024,20,0.034281,1.960478,0.162935,0.011272,0.082531,0.357365
baseline,baseline,none,1024,21,0.032424,1.879638,0.158266,0.010621,0.071861,0.356571
baseline,baseline,none,1024,22,0.030635,1.800992,0.142665,0.010006,0.063451,0.355765
baseline,baseline,none,1024,23,0.028907,1.725982,0.128548,0.009424,0.056857,0.355474
baseline,baseline,none,1024,24,0.027263,1.654048,0.115694,0.008875,0.051303,0.356106
baseline,baseline,none,1024,25,0.025682,1.583125,0.195299,0.01223,0.074087,0.423363
baseline,baseline,none,1024,26,0.024197,1.516757,0.187144,0.011523,0.065065,0.41622
baseline,baseline,none,1024,27,0.022762,1.451825,0.168505,0.010854,0.057669,0.409449
baseline,baseline,none,1024,28,0.021371,1.389723,0.151729,0.010223,0.051476,0.403069
baseline,baseline,none,1024,29,0.020072,1.329378,0.136556,0.009626,0.046001,0.3951
baseline,baseline,none,1024,30,0.01878,1.270122,0.230176,0.014937,0.066511,0.445143
baseline,baseline,none,123,1,0.082785,4.083627,0.0,0.0,0.002509,0.005554
baseline,baseline,none,123,2,0.080154,3.974449,0.0,0.0,0.004649,0.010664
baseline,baseline,none,123,3,0.077526,3.864185,0.0,0.0,0.006449,0.015365
baseline,baseline,none,123,4,0.074867,3.75136,0.0,0.0,0.008058,0.01969
baseline,baseline,none,123,5,0.07221,3.637545,0.0075,0.0035,0.076047,0.071543
baseline,baseline,none,123,6,0.069552,3.522727,0.007625,0.003325,0.064594,0.072124
baseline,baseline,none,123,7,0.066878,3.406151,0.006863,0.003158,0.055576,0.075433
baseline,baseline,none,123,8,0.064177,3.287323,0.006176,0.003,0.048556,0.081477
baseline,baseline,none,123,9,0.061465,3.166999,0.005559,0.002849,0.04308,0.091988
baseline,baseline,none,123,10,0.058723,3.044243,0.064378,0.00683,0.10965,0.160008
baseline,baseline,none,123,11,0.056054,2.924238,0.064565,0.006485,0.092574,0.170912
baseline,baseline,none,123,12,0.053411,2.804708,0.058258,0.006157,0.078959,0.183168
baseline,baseline,none,123,13,0.050787,2.686009,0.052583,0.005845,0.068117,0.194668
baseline,baseline,none,123,14,0.048188,2.568124,0.047474,0.005549,0.059528,0.205549
baseline,baseline,none,123,15,0.045591,2.451597,0.117102,0.011643,0.091669,0.277809
baseline,baseline,none,123,16,0.043201,2.346082,0.114392,0.01104,0.078734,0.282923
baseline,baseline,none,123,17,0.040968,2.247502,0.102953,0.010468,0.068462,0.288152
baseline,baseline,none,123,18,0.038828,2.153424,0.092657,0.009926,0.060204,0.292963
baseline,baseline,none,123,19,0.036805,2.065028,0.083392,0.009412,0.053621,0.297239
baseline,baseline,none,123,20,0.034866,1.982159,0.157427,0.01655,0.082078,0.359398
baseline,baseline,none,123,21,0.03311,1.907223,0.15231,0.015638,0.071018,0.357172
baseline,baseline,none,123,22,0.031361,1.831943,0.137379,0.014775,0.062232,0.355449
baseline,baseline,none,123,23,0.029672,1.758492,0.123866,0.013956,0.055301,0.355213
baseline,baseline,none,123,24,0.02807,1.687851,0.111554,0.013181,0.04951,0.354022
baseline,baseline,none,123,25,0.026508,1.619202,0.168899,0.017365,0.076551,0.417226
baseline,baseline,none,123,26,0.025044,1.554193,0.162884,0.016466,0.066187,0.408921
baseline,baseline,none,123,27,0.023601,1.488931,0.146746,0.015614,0.057938,0.400581
baseline,baseline,none,123,28,0.022173,1.424257,0.132146,0.014806,0.051046,0.392383
baseline,baseline,none,123,29,0.020908,1.365445,0.118931,0.014041,0.045012,0.383941
baseline,baseline,none,123,30,0.019594,1.304656,0.208083,0.01719,0.064996,0.438474
baseline,baseline,none,42,1,0.082785,4.083627,0.0,0.0,0.002473,0.005668
baseline,baseline,none,42,2,0.080146,3.974013,0.0,0.0,0.004598,0.010882
baseline,baseline,none,42,3,0.077484,3.862017,0.0,0.0,0.006465,0.015679
baseline,baseline,none,42,4,0.074809,3.748425,0.0,0.0,0.008068,0.020093
baseline,baseline,none,42,5,0.072095,3.631787,0.00875,0.0035,0.064174,0.074278
baseline,baseline,none,42,6,0.069414,3.51587,0.009,0.003317,0.055056,0.074304
baseline,baseline,none,42,7,0.066731,3.398918,0.0081,0.003145,0.047882,0.074927
baseline,baseline,none,42,8,0.064028,3.279964,0.00729,0.002981,0.042274,0.081426
baseline,baseline,none,42,9,0.061294,3.158533,0.006561,0.002826,0.037975,0.092729
baseline,baseline,none,42,10,0.058539,3.035125,0.073655,0.005679,0.096824,0.163504
baseline,baseline,none,42,11,0.055893,2.916267,0.073789,0.005329,0.081975,0.174016
baseline,baseline,none,42,12,0.053234,2.796574,0.06656,0.004999,0.070234,0.185098
baseline,baseline,none,42,13,0.050568,2.676715,0.060054,0.004687,0.061023,0.196951
baseline,baseline,none,42,14,0.047926,2.557928,0.054124,0.004395,0.053743,0.208756
baseline,baseline,none,42,15,0.045299,2.441197,0.130977,0.007665,0.085997,0.289542
baseline,baseline,none,42,16,0.042861,2.332307,0.128504,0.007261,0.073808,0.294441
baseline,baseline,none,42,17,0.040559,2.230593,0.115729,0.006879,0.064158,0.299124
baseline,baseline,none,42,18,0.038439,2.139062,0.104231,0.006518,0.056425,0.303207
baseline,baseline,none,42,19,0.036431,2.053165,0.093808,0.006175,0.05021,0.306814
baseline,baseline,none,42,20,0.034485,1.968393,0.163677,0.008976,0.063309,0.380032
baseline,baseline,none,42,21,0.032605,1.887702,0.159059,0.008498,0.055574,0.376565
baseline,baseline,none,42,22,0.030818,1.810224,0.143153,0.008047,0.049502,0.373825
baseline,baseline,none,42,23,0.0291,1.734925,0.128838,0.007619,0.04475,0.37153
baseline,baseline,none,42,24,0.027476,1.662979,0.115954,0.007215,0.040669,0.369343
baseline,baseline,none,42,25,0.025888,1.593489,0.182609,0.013083,0.052394,0.425081
baseline,baseline,none,42,26,0.024407,1.526825,0.176473,0.012335,0.046546,0.416485
baseline,baseline,none,42,27,0.022979,1.462579,0.158826,0.011628,0.041736,0.407753
baseline,baseline,none,42,28,0.021647,1.401738,0.142943,0.01096,0.037536,0.398293
baseline,baseline,none,42,29,0.020393,1.345223,0.128649,0.010329,0.03364,0.389066
baseline,baseline,none,42,30,0.019111,1.286489,0.229034,0.014607,0.041292,0.446526
baseline,baseline,none,456,1,0.082785,4.083627,0.0,0.0,0.002447,0.005496
baseline,baseline,none,456,2,0.08016,3.974476,0.0,0.0,0.004528,0.010553
baseline,baseline,none,456,3,0.077527,3.863763,0.0,0.0,0.006307,0.015205
baseline,baseline,none,456,4,0.074878,3.751254,0.0,0.0,0.007834,0.019485
baseline,baseline,none,456,5,0.072199,3.636213,0.00875,0.00275,0.065227,0.069673
baseline,baseline,none,456,6,0.06956,3.52218,0.008875,0.0026,0.055713,0.07042
baseline,baseline,none,456,7,0.066906,3.40644,0.007987,0.002458,0.048256,0.073133
baseline,baseline,none,456,8,0.064202,3.287252,0.007189,0.002324,0.042533,0.079229
baseline,baseline,none,456,9,0.061509,3.167637,0.00647,0.002197,0.038033,0.090012
baseline,baseline,none,456,10,0.058768,3.044929,0.069573,0.006827,0.10983,0.158632
baseline,baseline,none,456,11,0.056115,2.925603,0.070116,0.006468,0.092522,0.170263
baseline,baseline,none,456,12,0.053467,2.805631,0.063329,0.006128,0.078784,0.181788
baseline,baseline,none,456,13,0.0508,2.684663,0.057221,0.005806,0.067966,0.193592
baseline,baseline,none,456,14,0.048103,2.564431,0.051649,0.005501,0.059564,0.204976
baseline,baseline,none,456,15,0.045443,2.44746,0.127182,0.008087,0.087327,0.273924
baseline,baseline,none,456,16,0.042972,2.340492,0.124713,0.007613,0.075151,0.279919
baseline,baseline,none,456,17,0.040634,2.240384,0.112317,0.007164,0.065473,0.285544
baseline,baseline,none,456,18,0.038435,2.145094,0.10116,0.006738,0.057788,0.290802
baseline,baseline,none,456,19,0.036341,2.05353,0.091044,0.006335,0.051766,0.295565
baseline,baseline,none,456,20,0.034375,1.967551,0.179515,0.009999,0.074455,0.361696
baseline,baseline,none,456,21,0.03248,1.884199,0.173688,0.009457,0.065036,0.360407
baseline,baseline,none,456,22,0.030682,1.804431,0.15632,0.008945,0.057537,0.359596
baseline,baseline,none,456,23,0.029013,1.731271,0.140688,0.00846,0.051484,0.358025
baseline,baseline,none,456,24,0.027363,1.658869,0.126619,0.008003,0.046448,0.356804
baseline,baseline,none,456,25,0.025737,1.586882,0.186707,0.010945,0.064364,0.417406
baseline,baseline,none,456,26,0.024176,1.517234,0.178911,0.01036,0.056593,0.410491
baseline,baseline,none,456,27,0.022679,1.44908,0.16102,0.009807,0.050541,0.403829
baseline,baseline,none,456,28,0.021189,1.381068,0.144918,0.009283,0.045478,0.397625
baseline,baseline,none,456,29,0.019807,1.318813,0.130426,0.008788,0.040912,0.391018
baseline,baseline,none,456,30,0.018435,1.255791,0.210584,0.011945,0.068566,0.440839
baseline,baseline,none,789,1,0.082785,4.083627,0.0,0.0,0.002491,0.005504
baseline,baseline,none,789,2,0.080167,3.9749,0.0,0.0,0.004594,0.010568
baseline,baseline,none,789,3,0.077537,3.864401,0.0,0.0,0.006412,0.015227
baseline,baseline,none,789,4,0.074901,3.75262,0.0,0.0,0.007976,0.019512
baseline,baseline,none,789,5,0.072264,3.639949,0.00875,0.00225,0.066068,0.073531
baseline,baseline,none,789,6,0.069682,3.529026,0.008875,0.002138,0.056373,0.073452
baseline,baseline,none,789,7,0.067084,3.416375,0.007987,0.00203,0.04874,0.073905
baseline,baseline,none,789,8,0.064453,3.301217,0.007189,0.001929,0.042839,0.078897
baseline,baseline,none,789,9,0.061786,3.183321,0.00647,0.001832,0.038339,0.089639
baseline,baseline,none,789,10,0.059112,3.064183,0.059823,0.004865,0.129738,0.163122
baseline,baseline,none,789,11,0.056455,2.945049,0.059591,0.004602,0.108674,0.173126
baseline,baseline,none,789,12,0.05378,2.824675,0.053857,0.004354,0.091995,0.18368
baseline,baseline,none,789,13,0.051112,2.703569,0.048696,0.00412,0.078749,0.19489
baseline,baseline,none,789,14,0.048437,2.581816,0.043976,0.003898,0.06832,0.205728
baseline,baseline,none,789,15,0.045781,2.461978,0.111069,0.008314,0.106531,0.274174
baseline,baseline,none,789,16,0.043261,2.350187,0.108212,0.00788,0.090702,0.279182
baseline,baseline,none,789,17,0.040802,2.242903,0.097391,0.007468,0.078071,0.284089
baseline,baseline,none,789,18,0.038395,2.137738,0.087652,0.007079,0.068247,0.288753
baseline,baseline,none,789,19,0.036123,2.037377,0.078886,0.006709,0.060485,0.294095
baseline,baseline,none,789,20,0.033995,1.942589,0.175123,0.010235,0.088039,0.360209
baseline,baseline,none,789,21,0.032084,1.858943,0.169985,0.0097,0.07624,0.359248
baseline,baseline,none,789,22,0.030296,1.780919,0.153137,0.009193,0.066864,0.358639
baseline,baseline,none,789,23,0.028633,1.707384,0.137973,0.008713,0.058996,0.357104
baseline,baseline,none,789,24,0.027042,1.637372,0.124251,0.008258,0.052433,0.354942
baseline,baseline,none,789,25,0.025531,1.571529,0.189076,0.011203,0.061375,0.419628
baseline,baseline,none,789,26,0.024127,1.508592,0.181793,0.010619,0.053755,0.410254
baseline,baseline,none,789,27,0.022757,1.44621,0.163614,0.010066,0.04754,0.401181
baseline,baseline,none,789,28,0.021394,1.385402,0.147503,0.009541,0.042399,0.391858
baseline,baseline,none,789,29,0.020117,1.328026,0.132752,0.009045,0.037903,0.382382
baseline,baseline,none,789,30,0.018841,1.269951,0.221052,0.01295,0.05187,0.438313
baseline_rules,baseline,none,1024,1,0.082785,4.083627,0.0,0.0,0.002509,0.00546
baseline_rules,baseline,none,1024,2,0.080176,3.975513,0.0,0.0,0.004595,0.010483
baseline_rules,baseline,none,1024,3,0.077557,3.865561,0.0,0.0,0.0064,0.015104
baseline_rules,baseline,none,1024,4,0.074932,3.75431,0.0,0.0,0.007951,0.019356
baseline_rules,baseline,none,1024,5,0.072296,3.641522,0.0,0.0,0.009302,0.023267
baseline_rules,baseline,none,1024,6,0.069635,3.526478,0.0,0.0,0.010516,0.027765
baseline_rules,baseline,none,1024,7,0.066938,3.408706,0.0,0.0,0.011671,0.032954
baseline_rules,baseline,none,1024,8,0.06424,3.289961,0.0,0.0,0.012684,0.040277
baseline_rules,baseline,none,1024,9,0.061536,3.169989,0.0,0.0,0.013594,0.053915
baseline_rules,baseline,none,1024,10,0.058791,3.047042,0.0,0.0,0.014507,0.070812
baseline_rules,baseline,none,1024,11,0.056011,2.92141,0.0,0.0,0.015401,0.089807
baseline_rules,baseline,none,1024,12,0.053236,2.79535,0.0,0.0,0.01619,0.109382
baseline_rules,baseline,none,1024,13,0.050442,2.668256,0.0,0.0,0.016961,0.127991
baseline_rules,baseline,none,1024,14,0.047644,2.540293,0.0,0.0,0.017666,0.145862
baseline_rules,baseline,none,1024,15,0.044879,2.4147,0.0,0.0,0.018237,0.163053
baseline_rules,baseline,none,1024,16,0.042147,2.29179,0.0,0.0,0.018756,0.178943
baseline_rules,baseline,none,1024,17,0.039476,2.172948,0.0,0.0,0.01928,0.194013
baseline_rules,baseline,none,1024,18,0.036938,2.061629,0.0,0.0,0.019787,0.208776
baseline_rules,baseline,none,1024,19,0.034528,1.956009,0.0,0.0,0.020231,0.222509
baseline_rules,baseline,none,1024,20,0.032312,1.856946,0.0,0.0,0.020608,0.235293
baseline_rules,baseline,none,1024,21,0.030221,1.764594,0.0,0.0,0.020777,0.24653
baseline_rules,baseline,none,1024,22,0.028227,1.677425,0.0,0.0,0.020844,0.256342
baseline_rules,baseline,none,1024,23,0.026416,1.598066,0.0,0.0,0.020723,0.264319
baseline_rules,baseline,none,1024,24,0.024717,1.522742,0.0,0.0,0.02041,0.270234
baseline_rules,baseline,none,1024,25,0.023085,1.449144,0.0,0.0,0.020027,0.275
baseline_rules,baseline,none,1024,26,0.021544,1.379341,0.0,0.0,0.019573,0.278635
baseline_rules,baseline,none,1024,27,0.020154,1.316166,0.0,0.0,0.018959,0.280629
baseline_rules,baseline,none,1024,28,0.018846,1.256619,0.0,0.0,0.018116,0.280138
baseline_rules,baseline,none,1024,29,0.017596,1.199698,0.0,0.0,0.017161,0.277362
baseline_rules,baseline,none,1024,30,0.016404,1.144803,0.0,0.0,0.01623,0.273908
baseline_rules,baseline,none,123,1,0.082785,4.083627,0.0,0.0,0.002509,0.005554
baseline_rules,baseline,none,123,2,0.080154,3.974449,0.0,0.0,0.004649,0.010664
baseline_rules,baseline,none,123,3,0.077526,3.864185,0.0,0.0,0.006449,0.015365
baseline_rules,baseline,none,123,4,0.074867,3.75136,0.0,0.0,0.008058,0.01969
baseline_rules,baseline,none,123,5,0.07221,3.637545,0.0,0.0,0.009422,0.023668
baseline_rules,baseline,none,123,6,0.069517,3.520977,0.0,0.0,0.010699,0.027779
baseline_rules,baseline,none,123,7,0.066808,3.40266,0.0,0.0,0.011835,0.034336
baseline_rules,baseline,none,123,8,0.064073,3.282099,0.0,0.0,0.012909,0.043893
baseline_rules,baseline,none,123,9,0.061328,3.160077,0.0,0.0,0.013877,0.05786
baseline_rules,baseline,none,123,10,0.058547,3.035348,0.0,0.0,0.014825,0.074911
baseline_rules,baseline,none,123,11,0.055743,2.908459,0.0,0.0,0.015743,0.093222
baseline_rules,baseline,none,123,12,0.052948,2.78115,0.0,0.0,0.016559,0.112468
baseline_rules,baseline,none,123,13,0.050161,2.654475,0.0,0.0,0.017284,0.130925
baseline_rules,baseline,none,123,14,0.047403,2.529835,0.0,0.0,0.017889,0.14858
baseline_rules,baseline,none,123,15,0.0447,2.407732,0.0,0.0,0.018456,0.164747
baseline_rules,baseline,none,123,16,0.042082,2.289913,0.0,0.0,0.018936,0.180147
baseline_rules,baseline,none,123,17,0.039588,2.177023,0.0,0.0,0.019349,0.194689
baseline_rules,baseline,none,123,18,0.037209,2.067967,0.0,0.0,0.019597,0.208368
baseline_rules,baseline,none,123,19,0.034926,1.965209,0.0,0.0,0.019805,0.220877
baseline_rules,baseline,none,123,20,0.032805,1.871022,0.0,0.0,0.01997,0.232086
baseline_rules,baseline,none,123,21,0.030758,1.781563,0.0,0.0,0.020133,0.242323
baseline_rules,baseline,none,123,22,0.028796,1.695683,0.0,0.0,0.020223,0.251592
baseline_rules,baseline,none,123,23,0.026982,1.615496,0.0,0.0,0.02006,0.258918
baseline_rules,baseline,none,123,24,0.02532,1.541407,0.0,0.0,0.019717,0.264684
baseline_rules,baseline,none,123,25,0.023714,1.469413,0.0,0.0,0.01925,0.268488
baseline_rules,baseline,none,123,26,0.022212,1.400812,0.0,0.0,0.018602,0.270188
baseline_rules,baseline,none,123,27,0.020804,1.336516,0.0,0.0,0.017855,0.269652
baseline_rules,baseline,none,123,28,0.019449,1.274999,0.0,0.0,0.017067,0.268784
baseline_rules,baseline,none,123,29,0.018111,1.212828,0.0,0.0,0.016338,0.266785
baseline_rules,baseline,none,123,30,0.016852,1.15383,0.0,0.0,0.015529,0.264197
baseline_rules,baseline,none,42,1,0.082785,4.083627,0.0,0.0,0.002473,0.005668
baseline_rules,baseline,none,42,2,0.080146,3.974013,0.0,0.0,0.004598,0.010882
baseline_rules,baseline,none,42,3,0.077484,3.862017,0.0,0.0,0.006465,0.015679
baseline_rules,baseline,none,42,4,0.074809,3.748425,0.0,0.0,0.008068,0.020093
baseline_rules,baseline,none,42,5,0.072095,3.631787,0.0,0.0,0.009549,0.024153
baseline_rules,baseline,none,42,6,0.069369,3.51362,0.0,0.0,0.01085,0.027889
baseline_rules,baseline,none,42,7,0.066642,3.394429,0.0,0.0,0.011986,0.032675
baseline_rules,baseline,none,42,8,0.063889,3.273124,0.0,0.0,0.013018,0.042254
baseline_rules,baseline,none,42,9,0.061107,3.14935,0.0,0.0,0.013996,0.056391
baseline_rules,baseline,none,42,10,0.058304,3.023605,0.0,0.0,0.014906,0.073448
baseline_rules,baseline,none,42,11,0.055496,2.896666,0.0,0.0,0.01573,0.091915
baseline_rules,baseline,none,42,12,0.052678,2.768296,0.0,0.0,0.016497,0.110629
baseline_rules,baseline,none,42,13,0.049841,2.63922,0.0,0.0,0.017259,0.129422
baseline_rules,baseline,none,42,14,0.047017,2.511707,0.0,0.0,0.01793,0.147461
baseline_rules,baseline,none,42,15,0.044223,2.385269,0.0,0.0,0.018621,0.165032
baseline_rules,baseline,none,42,16,0.041557,2.263866,0.0,0.0,0.019161,0.182022
baseline_rules,baseline,none,42,17,0.038997,2.148469,0.0,0.0,0.019648,0.198028
baseline_rules,baseline,none,42,18,0.036557,2.041469,0.0,0.0,0.020092,0.212828
baseline_rules,baseline,none,42,19,0.034284,1.940669,0.0,0.0,0.020413,0.22637
baseline_rules,baseline,none,42,20,0.03218,1.84791,0.0,0.0,0.020613,0.238453
baseline_rules,baseline,none,42,21,0.030208,1.76123,0.0,0.0,0.020647,0.24852
baseline_rules,baseline,none,42,22,0.028404,1.682753,0.0,0.0,0.020613,0.256731
baseline_rules,baseline,none,42,23,0.026651,1.605038,0.0,0.0,0.020529,0.26436
baseline_rules,baseline,none,42,24,0.025002,1.531008,0.0,0.0,0.020455,0.270854
baseline_rules,baseline,none,42,25,0.023426,1.460668,0.0,0.0,0.020172,0.276228
baseline_rules,baseline,none,42,26,0.021912,1.392124,0.0,0.0,0.019729,0.279823
baseline_rules,baseline,none,42,27,0.02048,1.32684,0.0,0.0,0.019085,0.281255
baseline_rules,baseline,none,42,28,0.019176,1.267457,0.0,0.0,0.018186,0.280697
baseline_rules,baseline,none,42,29,0.017843,1.206235,0.0,0.0,0.017392,0.279059
baseline_rules,baseline,none,42,30,0.016625,1.150292,0.0,0.0,0.016353,0.276127
baseline_rules,baseline,none,456,1,0.082785,4.083627,0.0,0.0,0.002447,0.005496
baseline_rules,baseline,none,456,2,0.08016,3.974476,0.0,0.0,0.004528,0.010553
baseline_rules,baseline,none,456,3,0.077527,3.863763,0.0,0.0,0.006307,0.015205
baseline_rules,baseline,none,456,4,0.074878,3.751254,0.0,0.0,0.007834,0.019485
baseline_rules,baseline,none,456,5,0.072199,3.636213,0.0,0.0,0.009227,0.023423
baseline_rules,baseline,none,456,6,0.069505,3.51943,0.0,0.0,0.010457,0.02757
baseline_rules,baseline,none,456,7,0.066796,3.400929,0.0,0.0,0.011561,0.032736
baseline_rules,baseline,none,456,8,0.064031,3.278706,0.0,0.0,0.012653,0.041763
baseline_rules,baseline,none,456,9,0.061272,3.155799,0.0,0.0,0.013603,0.055694
baseline_rules,baseline,none,456,10,0.058459,3.029228,0.0,0.0,0.014597,0.07286
baseline_rules,baseline,none,456,11,0.055652,2.902145,0.0,0.0,0.01546,0.092327
baseline_rules,baseline,none,456,12,0.052854,2.774677,0.0,0.0,0.016234,0.111437
baseline_rules,baseline,none,456,13,0.050047,2.647771,0.0,0.0,0.016949,0.129769
baseline_rules,baseline,none,456,14,0.047206,2.521487,0.0,0.0,0.017721,0.147909
baseline_rules,baseline,none,456,15,0.044406,2.396019,0.0,0.0,0.018376,0.165872
baseline_rules,baseline,none,456,16,0.041746,2.276365,0.0,0.0,0.018885,0.182474
baseline_rules,baseline,none,456,17,0.039183,2.163093,0.0,0.0,0.019247,0.197747
baseline_rules,baseline,none,456,18,0.036726,2.055184,0.0,0.0,0.019577,0.211799
baseline_rules,baseline,none,456,19,0.034392,1.953963,0.0,0.0,0.01987,0.224651
baseline_rules,baseline,none,456,20,0.032165,1.855408,0.0,0.0,0.020023,0.235951
baseline_rules,baseline,none,456,21,0.030069,1.761947,0.0,0.0,0.020132,0.246421
baseline_rules,baseline,none,456,22,0.028127,1.677269,0.0,0.0,0.020043,0.255229
baseline_rules,baseline,none,456,23,0.026288,1.597242,0.0,0.0,0.019744,0.261832
baseline_rules,baseline,none,456,24,0.024549,1.522849,0.0,0.0,0.019523,0.267457
baseline_rules,baseline,none,456,25,0.022895,1.450997,0.0,0.0,0.019223,0.272331
baseline_rules,baseline,none,456,26,0.021337,1.381917,0.0,0.0,0.018765,0.275166
baseline_rules,baseline,none,456,27,0.019879,1.316934,0.0,0.0,0.018211,0.276424
baseline_rules,baseline,none,456,28,0.018485,1.254293,0.0,0.0,0.01747,0.277282
baseline_rules,baseline,none,456,29,0.017146,1.19334,0.0,0.0,0.016778,0.275671
baseline_rules,baseline,none,456,30,0.015901,1.136025,0.0,0.0,0.015926,0.273288
baseline_rules,baseline,none,789,1,0.082785,4.083627,0.0,0.0,0.002491,0.005504
baseline_rules,baseline,none,789,2,0.080167,3.9749,0.0,0.0,0.004594,0.010568
baseline_rules,baseline,none,789,3,0.077537,3.864401,0.0,0.0,0.006412,0.015227
baseline_rules,baseline,none,789,4,0.074901,3.75262,0.0,0.0,0.007976,0.019512
baseline_rules,baseline,none,789,5,0.072264,3.639949,0.0,0.0,0.009318,0.023456
baseline_rules,baseline,none,789,6,0.069622,3.526026,0.0,0.0,0.010505,0.027083
baseline_rules,baseline,none,789,7,0.066964,3.410489,0.0,0.0,0.011562,0.030796
baseline_rules,baseline,none,789,8,0.064269,3.292197,0.0,0.0,0.01259,0.039611
baseline_rules,baseline,none,789,9,0.061538,3.171152,0.0,0.0,0.01359,0.052671
baseline_rules,baseline,none,789,10,0.058795,3.048622,0.0,0.0,0.014509,0.069487
baseline_rules,baseline,none,789,11,0.056008,2.922893,0.0,0.0,0.015451,0.087507
baseline_rules,baseline,none,789,12,0.053205,2.795614,0.0,0.0,0.016332,0.10551
baseline_rules,baseline,none,789,13,0.050409,2.66824,0.0,0.0,0.017099,0.123649
baseline_rules,baseline,none,789,14,0.047613,2.541975,0.0,0.0,0.0178,0.140411
baseline_rules,baseline,none,789,15,0.044842,2.416285,0.0,0.0,0.018399,0.157482
baseline_rules,baseline,none,789,16,0.042172,2.295525,0.0,0.0,0.018842,0.173188
baseline_rules,baseline,none,789,17,0.039599,2.177471,0.0,0.0,0.019194,0.187862
baseline_rules,baseline,none,789,18,0.037082,2.06343,0.0,0.0,0.019557,0.201062
baseline_rules,baseline,none,789,19,0.034628,1.954887,0.0,0.0,0.0198,0.213731
baseline_rules,baseline,none,789,20,0.032328,1.852672,0.0,0.0,0.019929,0.225237
baseline_rules,baseline,none,789,21,0.030242,1.759177,0.0,0.0,0.019882,0.234772
baseline_rules,baseline,none,789,22,0.028325,1.673761,0.0,0.0,0.019678,0.242569
baseline_rules,baseline,none,789,23,0.02657,1.596574,0.0,0.0,0.019225,0.249293
baseline_rules,baseline,none,789,24,0.024986,1.525737,0.0,0.0,0.018626,0.252853
baseline_rules,baseline,none,789,25,0.023452,1.456743,0.0,0.0,0.017932,0.255154
baseline_rules,baseline,none,789,26,0.022029,1.392825,0.0,0.0,0.017092,0.255246
baseline_rules,baseline,none,789,27,0.020604,1.327925,0.0,0.0,0.016279,0.254505
baseline_rules,baseline,none,789,28,0.019291,1.268942,0.0,0.0,0.015455,0.253749
baseline_rules,baseline,none,789,29,0.018025,1.210718,0.0,0.0,0.01464,0.251628
baseline_rules,baseline,none,789,30,0.016834,1.157008,0.0,0.0,0.013846,0.248552
treatment_anti_PD1_early,anti_PD1_early,deepseek,123,1,0.082785,4.083627,0.0,0.0,0.002509,0.005554
treatment_anti_PD1_early,anti_PD1_early,deepseek,123,2,0.080154,3.974449,0.0,0.0,0.004649,0.010664
treatment_anti_PD1_early,anti_PD1_early,deepseek,123,3,0.077526,3.864185,0.0,0.0,0.006449,0.015365
treatment_anti_PD1_early,anti_PD1_early,deepseek,123,4,0.074867,3.75136,0.0,0.0,0.008058,0.01969
treatment_anti_PD1_early,anti_PD1_early,deepseek,123,5,0.07221,3.637545,0.02875,0.0065,0.056542,0.069993
treatment_anti_PD1_early,anti_PD1_early,deepseek,123,6,0.069577,3.523977,0.030187,0.00617,0.027979,0.070698
treatment_anti_PD1_early,anti_PD1_early,deepseek,123,7,0.066933,3.408895,0.028606,0.005857,0.014768,0.074146
treatment_anti_PD1_early,anti_PD1_early,deepseek,123,8,0.064268,3.291833,0.027111,0.00556,0.00864,0.080019
treatment_anti_PD1_early,anti_PD1_early,deepseek,123,9,0.061592,3.173318,0.025699,0.005278,0.005736,0.090746
treatment_anti_PD1_early,anti_PD1_early,deepseek,123,10,0.058893,3.052715,0.133931,0.00901,0.051565,0.15849
treatment_anti_PD1_early,anti_PD1_early,deepseek,123,11,0.056303,2.936648,0.138639,0.008501,0.025407,0.16909
treatment_anti_PD1_early,anti_PD1_early,deepseek,123,12,0.053731,2.821908,0.131618,0.008018,0.013238,0.180727
treatment_anti_PD1_early,anti_PD1_early,deepseek,123,13,0.051168,2.707273,0.124983,0.007559,0.007518,0.191366
treatment_anti_PD1_early,anti_PD1_early,deepseek,123,14,0.048635,2.595696,0.118555,0.007127,0.004771,0.201755
treatment_anti_PD1_early,anti_PD1_early,deepseek,123,15,0.046172,2.485721,0.230369,0.010764,0.036896,0.273237
treatment_anti_PD1_early,anti_PD1_early,deepseek,123,16,0.043978,2.388926,0.231349,0.010214,0.018007,0.276375
treatment_anti_PD1_early,anti_PD1_early,deepseek,123,17,0.041948,2.300438,0.218914,0.009693,0.00921,0.279387
treatment_anti_PD1_early,anti_PD1_early,deepseek,123,18,0.040023,2.217147,0.207031,0.009198,0.005049,0.281932
treatment_anti_PD1_early,anti_PD1_early,deepseek,123,19,0.038172,2.136156,0.195985,0.008729,0.003014,0.284125
treatment_anti_PD1_early,anti_PD1_early,deepseek,123,20,0.03643,2.061638,0.258544,0.011784,0.028594,0.345141
treatment_anti_PD1_early,anti_PD1_early,deepseek,123,21,0.034828,1.995718,0.257055,0.011183,0.013664,0.340706
treatment_anti_PD1_early,anti_PD1_early,deepseek,123,22,0.033294,1.931509,0.243206,0.010613,0.006715,0.33735
treatment_anti_PD1_early,anti_PD1_early,deepseek,123,23,0.031764,1.866655,0.230906,0.010072,0.003448,0.334187
treatment_anti_PD1_early,anti_PD1_early,deepseek,123,24,0.03027,1.803648,0.219781,0.009559,0.00186,0.331053
treatment_anti_PD1_early,anti_PD1_early,deepseek,123,25,0.028848,1.742226,0.28583,0.012197,0.019573,0.390519
treatment_anti_PD1_early,anti_PD1_early,deepseek,123,26,0.027529,1.685799,0.282316,0.01157,0.009205,0.381626
treatment_anti_PD1_early,anti_PD1_early,deepseek,123,27,0.026233,1.630661,0.267996,0.010975,0.004404,0.371844
treatment_anti_PD1_early,anti_PD1_early,deepseek,123,28,0.024948,1.574841,0.255566,0.010411,0.002157,0.36382
treatment_anti_PD1_early,anti_PD1_early,deepseek,123,29,0.023713,1.519445,0.24172,0.009877,0.001089,0.355088
treatment_anti_PD1_early,anti_PD1_early,deepseek,123,30,0.022454,1.464036,0.328791,0.01337,0.017081,0.40658
treatment_anti_PD1_early,anti_PD1_early,deepseek,42,1,0.082785,4.083627,0.0,0.0,0.002473,0.005668
treatment_anti_PD1_early,anti_PD1_early,deepseek,42,2,0.080146,3.974013,0.0,0.0,0.004598,0.010882
treatment_anti_PD1_early,anti_PD1_early,deepseek,42,3,0.077484,3.862017,0.0,0.0,0.006465,0.015679
treatment_anti_PD1_early,anti_PD1_early,deepseek,42,4,0.074809,3.748425,0.0,0.0,0.008068,0.020093
treatment_anti_PD1_early,anti_PD1_early,deepseek,42,5,0.072095,3.631787,0.0075,0.007125,0.057241,0.070278
treatment_anti_PD1_early,anti_PD1_early,deepseek,42,6,0.069404,3.51537,0.007875,0.006768,0.028332,0.070624
treatment_anti_PD1_early,anti_PD1_early,deepseek,42,7,0.066714,3.397996,0.007442,0.006428,0.014946,0.072591
treatment_anti_PD1_early,anti_PD1_early,deepseek,42,8,0.064004,3.278658,0.007033,0.006105,0.008706,0.078677
treatment_anti_PD1_early,anti_PD1_early,deepseek,42,9,0.061263,3.156841,0.006646,0.005798,0.005762,0.090125
treatment_anti_PD1_early,anti_PD1_early,deepseek,42,10,0.0585,3.03305,0.09028,0.011257,0.051683,0.163208
treatment_anti_PD1_early,anti_PD1_early,deepseek,42,11,0.055882,2.915564,0.094896,0.010572,0.025421,0.174344
treatment_anti_PD1_early,anti_PD1_early,deepseek,42,12,0.053254,2.796766,0.089756,0.009925,0.013226,0.186131
treatment_anti_PD1_early,anti_PD1_early,deepseek,42,13,0.050604,2.676272,0.084898,0.009397,0.007527,0.19751
treatment_anti_PD1_early,anti_PD1_early,deepseek,42,14,0.047957,2.555829,0.080228,0.008911,0.004768,0.208879
treatment_anti_PD1_early,anti_PD1_early,deepseek,42,15,0.045306,2.436596,0.173566,0.013326,0.030768,0.277213
treatment_anti_PD1_early,anti_PD1_early,deepseek,42,16,0.042937,2.333938,0.177932,0.012523,0.015136,0.281282
treatment_anti_PD1_early,anti_PD1_early,deepseek,42,17,0.040777,2.240076,0.168461,0.011763,0.007818,0.284826
treatment_anti_PD1_early,anti_PD1_early,deepseek,42,18,0.038781,2.154499,0.159432,0.011045,0.004337,0.288236
treatment_anti_PD1_early,anti_PD1_early,deepseek,42,19,0.03691,2.074797,0.150742,0.010366,0.002615,0.291223
treatment_anti_PD1_early,anti_PD1_early,deepseek,42,20,0.03512,1.997407,0.241676,0.013973,0.019961,0.353997
treatment_anti_PD1_early,anti_PD1_early,deepseek,42,21,0.033537,1.932095,0.24269,0.013182,0.009562,0.348694
treatment_anti_PD1_early,anti_PD1_early,deepseek,42,22,0.03197,1.866153,0.229578,0.012481,0.004727,0.344566
treatment_anti_PD1_early,anti_PD1_early,deepseek,42,23,0.030457,1.8019,0.216952,0.011818,0.002432,0.341217
treatment_anti_PD1_early,anti_PD1_early,deepseek,42,24,0.029016,1.739195,0.205019,0.011191,0.001311,0.338287
treatment_anti_PD1_early,anti_PD1_early,deepseek,42,25,0.027609,1.678236,0.259268,0.015473,0.027246,0.390341
treatment_anti_PD1_early,anti_PD1_early,deepseek,42,26,0.026348,1.624644,0.258396,0.014648,0.012664,0.380375
treatment_anti_PD1_early,anti_PD1_early,deepseek,42,27,0.025121,1.571657,0.244184,0.013868,0.005921,0.370606
treatment_anti_PD1_early,anti_PD1_early,deepseek,42,28,0.023907,1.517871,0.230754,0.01313,0.002791,0.362518
treatment_anti_PD1_early,anti_PD1_early,deepseek,42,29,0.022714,1.4644,0.218063,0.012433,0.001317,0.353278
treatment_anti_PD1_early,anti_PD1_early,deepseek,42,30,0.0215,1.410809,0.283219,0.017023,0.019619,0.402576
treatment_anti_PD1_early,anti_PD1_early,deepseek,456,1,0.082785,4.083627,0.0,0.0,0.002447,0.005496
treatment_anti_PD1_early,anti_PD1_early,deepseek,456,2,0.08016,3.974476,0.0,0.0,0.004528,0.010553
treatment_anti_PD1_early,anti_PD1_early,deepseek,456,3,0.077527,3.863763,0.0,0.0,0.006307,0.015205
treatment_anti_PD1_early,anti_PD1_early,deepseek,456,4,0.074878,3.751254,0.0,0.0,0.007834,0.019485
treatment_anti_PD1_early,anti_PD1_early,deepseek,456,5,0.072199,3.636213,0.0175,0.006,0.066805,0.067923
treatment_anti_PD1_early,anti_PD1_early,deepseek,456,6,0.069565,3.52243,0.018506,0.005677,0.032658,0.06881
treatment_anti_PD1_early,anti_PD1_early,deepseek,456,7,0.066915,3.406914,0.017488,0.005372,0.016884,0.071352
treatment_anti_PD1_early,anti_PD1_early,deepseek,456,8,0.064219,3.288163,0.016527,0.005084,0.009592,0.077815
treatment_anti_PD1_early,anti_PD1_early,deepseek,456,9,0.061539,3.169238,0.015618,0.00481,0.006115,0.088711
treatment_anti_PD1_early,anti_PD1_early,deepseek,456,10,0.058812,3.046948,0.120009,0.010427,0.07659,0.159861
treatment_anti_PD1_early,anti_PD1_early,deepseek,456,11,0.056234,2.931368,0.125352,0.009817,0.03693,0.170568
treatment_anti_PD1_early,anti_PD1_early,deepseek,456,12,0.053669,2.817008,0.119298,0.009241,0.018563,0.180754
treatment_anti_PD1_early,anti_PD1_early,deepseek,456,13,0.051104,2.702256,0.113445,0.008695,0.010006,0.19111
treatment_anti_PD1_early,anti_PD1_early,deepseek,456,14,0.048545,2.588181,0.107914,0.008179,0.005984,0.201546
treatment_anti_PD1_early,anti_PD1_early,deepseek,456,15,0.046033,2.477118,0.206645,0.012235,0.039752,0.275171
treatment_anti_PD1_early,anti_PD1_early,deepseek,456,16,0.043705,2.373986,0.208667,0.011588,0.019419,0.278259
treatment_anti_PD1_early,anti_PD1_early,deepseek,456,17,0.041474,2.27588,0.197269,0.010975,0.009935,0.281275
treatment_anti_PD1_early,anti_PD1_early,deepseek,456,18,0.039358,2.184585,0.188467,0.010395,0.005445,0.28375
treatment_anti_PD1_early,anti_PD1_early,deepseek,456,19,0.037379,2.098712,0.178233,0.009845,0.003282,0.286177
treatment_anti_PD1_early,anti_PD1_early,deepseek,456,20,0.035477,2.015833,0.257998,0.013725,0.027708,0.348685
treatment_anti_PD1_early,anti_PD1_early,deepseek,456,21,0.033766,1.943058,0.25654,0.013004,0.013333,0.344786
treatment_anti_PD1_early,anti_PD1_early,deepseek,456,22,0.032151,1.874921,0.242981,0.012322,0.006627,0.341475
treatment_anti_PD1_early,anti_PD1_early,deepseek,456,23,0.03061,1.809804,0.231665,0.011675,0.003432,0.337978
treatment_anti_PD1_early,anti_PD1_early,deepseek,456,24,0.029134,1.747667,0.222021,0.011063,0.001863,0.334161
treatment_anti_PD1_early,anti_PD1_early,deepseek,456,25,0.027653,1.684765,0.282203,0.015357,0.027837,0.390775
treatment_anti_PD1_early,anti_PD1_early,deepseek,456,26,0.026309,1.62761,0.27692,0.014505,0.013042,0.381265
treatment_anti_PD1_early,anti_PD1_early,deepseek,456,27,0.024966,1.570668,0.262424,0.013698,0.006165,0.372392
treatment_anti_PD1_early,anti_PD1_early,deepseek,456,28,0.023678,1.514425,0.251272,0.012933,0.002933,0.363103
treatment_anti_PD1_early,anti_PD1_early,deepseek,456,29,0.022451,1.462383,0.237583,0.012208,0.001409,0.354332
treatment_anti_PD1_early,anti_PD1_early,deepseek,456,30,0.02125,1.409487,0.303323,0.015521,0.016436,0.404988
treatment_anti_PD1_early,anti_PD1_early,rules,123,1,0.082785,4.083627,0.0,0.0,0.002509,0.005554
treatment_anti_PD1_early,anti_PD1_early,rules,123,2,0.080154,3.974449,0.0,0.0,0.004649,0.010664
treatment_anti_PD1_early,anti_PD1_early,rules,123,3,0.077526,3.864185,0.0,0.0,0.006449,0.015365
treatment_anti_PD1_early,anti_PD1_early,rules,123,4,0.074867,3.75136,0.0,0.0,0.008058,0.01969
treatment_anti_PD1_early,anti_PD1_early,rules,123,5,0.07221,3.637545,0.0,0.0,0.005417,0.023668
treatment_anti_PD1_early,anti_PD1_early,rules,123,6,0.069517,3.520977,0.0,0.0,0.004165,0.027779
treatment_anti_PD1_early,anti_PD1_early,rules,123,7,0.066808,3.40266,0.0,0.0,0.003498,0.034336
treatment_anti_PD1_early,anti_PD1_early,rules,123,8,0.064073,3.282099,0.0,0.0,0.003115,0.043893
treatment_anti_PD1_early,anti_PD1_early,rules,123,9,0.061328,3.160077,0.0,0.0,0.002823,0.05786
treatment_anti_PD1_early,anti_PD1_early,rules,123,10,0.058547,3.035348,0.0,0.0,0.002586,0.074911
treatment_anti_PD1_early,anti_PD1_early,rules,123,11,0.055743,2.908459,0.0,0.0,0.002356,0.093222
treatment_anti_PD1_early,anti_PD1_early,rules,123,12,0.052948,2.78115,0.0,0.0,0.0021,0.112468
treatment_anti_PD1_early,anti_PD1_early,rules,123,13,0.050161,2.654475,0.0,0.0,0.001822,0.130925
treatment_anti_PD1_early,anti_PD1_early,rules,123,14,0.047403,2.529835,0.0,0.0,0.001533,0.14858
treatment_anti_PD1_early,anti_PD1_early,rules,123,15,0.04473,2.409825,0.0021,0.0,0.001256,0.164447
treatment_anti_PD1_early,anti_PD1_early,rules,123,16,0.042173,2.29502,0.004478,0.0,0.000986,0.179196
treatment_anti_PD1_early,anti_PD1_early,rules,123,17,0.03971,2.184361,0.004232,0.0,0.000753,0.193514
treatment_anti_PD1_early,anti_PD1_early,rules,123,18,0.037399,2.079241,0.003999,0.0,0.000538,0.206687
treatment_anti_PD1_early,anti_PD1_early,rules,123,19,0.035212,1.980478,0.004567,0.0,0.000359,0.218356
treatment_anti_PD1_early,anti_PD1_early,rules,123,20,0.033164,1.890102,0.007334,0.0,0.000219,0.228267
treatment_anti_PD1_early,anti_PD1_early,rules,123,21,0.031259,1.806488,0.011525,0.0,0.000118,0.236484
treatment_anti_PD1_early,anti_PD1_early,rules,123,22,0.029451,1.727317,0.013778,0.0,5.6e-05,0.243445
treatment_anti_PD1_early,anti_PD1_early,rules,123,23,0.027692,1.649605,0.015252,0.0,2.6e-05,0.249323
treatment_anti_PD1_early,anti_PD1_early,rules,123,24,0.026111,1.579488,0.016644,0.0,1.2e-05,0.253681
treatment_anti_PD1_early,anti_PD1_early,rules,123,25,0.024611,1.512761,0.019535,0.0,5e-06,0.255891
treatment_anti_PD1_early,anti_PD1_early,rules,123,26,0.023157,1.448137,0.018986,0.0,3e-06,0.256499
treatment_anti_PD1_early,anti_PD1_early,rules,123,27,0.021758,1.385066,0.01991,0.0,1e-06,0.255408
treatment_anti_PD1_early,anti_PD1_early,rules,123,28,0.020433,1.325427,0.020259,0.0,1e-06,0.254179
treatment_anti_PD1_early,anti_PD1_early,rules,123,29,0.019139,1.266327,0.020457,0.0,0.0,0.251924
treatment_anti_PD1_early,anti_PD1_early,rules,123,30,0.017901,1.209932,0.023217,0.0,0.0,0.248749
treatment_anti_PD1_early,anti_PD1_early,rules,42,1,0.082785,4.083627,0.0,0.0,0.002473,0.005668
treatment_anti_PD1_early,anti_PD1_early,rules,42,2,0.080146,3.974013,0.0,0.0,0.004598,0.010882
treatment_anti_PD1_early,anti_PD1_early,rules,42,3,0.077484,3.862017,0.0,0.0,0.006465,0.015679
treatment_anti_PD1_early,anti_PD1_early,rules,42,4,0.074809,3.748425,0.0,0.0,0.008068,0.020093
treatment_anti_PD1_early,anti_PD1_early,rules,42,5,0.072095,3.631787,0.0,0.0,0.005491,0.024153
treatment_anti_PD1_early,anti_PD1_early,rules,42,6,0.069369,3.51362,0.0,0.0,0.004224,0.027889
treatment_anti_PD1_early,anti_PD1_early,rules,42,7,0.066642,3.394429,0.0,0.0,0.003541,0.032675
treatment_anti_PD1_early,anti_PD1_early,rules,42,8,0.063889,3.273124,0.0,0.0,0.003124,0.042254
treatment_anti_PD1_early,anti_PD1_early,rules,42,9,0.061107,3.14935,0.0,0.0,0.002831,0.056391
treatment_anti_PD1_early,anti_PD1_early,rules,42,10,0.058304,3.023605,0.0,0.0,0.002573,0.073448
treatment_anti_PD1_early,anti_PD1_early,rules,42,11,0.055496,2.896666,0.0,0.0,0.002309,0.091915
treatment_anti_PD1_early,anti_PD1_early,rules,42,12,0.052678,2.768296,0.0,0.0,0.002036,0.110629
treatment_anti_PD1_early,anti_PD1_early,rules,42,13,0.049841,2.63922,0.0,0.0,0.001766,0.129422
treatment_anti_PD1_early,anti_PD1_early,rules,42,14,0.047034,2.512457,0.00105,0.0,0.001474,0.147236
treatment_anti_PD1_early,anti_PD1_early,rules,42,15,0.04427,2.386974,0.000992,0.0,0.001214,0.1646
treatment_anti_PD1_early,anti_PD1_early,rules,42,16,0.041643,2.267996,0.002906,0.0,0.00095,0.180874
treatment_anti_PD1_early,anti_PD1_early,rules,42,17,0.03911,2.155515,0.004715,0.0,0.000714,0.196072
treatment_anti_PD1_early,anti_PD1_early,rules,42,18,0.036795,2.053729,0.009706,0.0,0.000508,0.209304
treatment_anti_PD1_early,anti_PD1_early,rules,42,19,0.034663,1.960504,0.00996,0.0,0.000338,0.221103
treatment_anti_PD1_early,anti_PD1_early,rules,42,20,0.032653,1.872567,0.011249,0.0,0.000203,0.231357
treatment_anti_PD1_early,anti_PD1_early,rules,42,21,0.030829,1.79294,0.013256,0.0,0.000108,0.239666
treatment_anti_PD1_early,anti_PD1_early,rules,42,22,0.029102,1.71712,0.015808,0.0,5.1e-05,0.246786
treatment_anti_PD1_early,anti_PD1_early,rules,42,23,0.027467,1.645277,0.017563,0.0,2.3e-05,0.253186
treatment_anti_PD1_early,anti_PD1_early,rules,42,24,0.025892,1.575893,0.020141,0.0,1.1e-05,0.258249
treatment_anti_PD1_early,anti_PD1_early,rules,42,25,0.024391,1.509804,0.021002,0.0,5e-06,0.262531
treatment_anti_PD1_early,anti_PD1_early,rules,42,26,0.022965,1.446096,0.021553,0.0,2e-06,0.264522
treatment_anti_PD1_early,anti_PD1_early,rules,42,27,0.021605,1.384331,0.020368,0.0,1e-06,0.265003
treatment_anti_PD1_early,anti_PD1_early,rules,42,28,0.02031,1.326669,0.020954,0.0,0.0,0.264845
treatment_anti_PD1_early,anti_PD1_early,rules,42,29,0.019015,1.267711,0.019801,0.0,0.0,0.263425
treatment_anti_PD1_early,anti_PD1_early,rules,42,30,0.0178,1.212016,0.018712,0.0,0.0,0.260694
treatment_anti_PD1_early,anti_PD1_early,rules,456,1,0.082785,4.083627,0.0,0.0,0.002447,0.005496
treatment_anti_PD1_early,anti_PD1_early,rules,456,2,0.08016,3.974476,0.0,0.0,0.004528,0.010553
treatment_anti_PD1_early,anti_PD1_early,rules,456,3,0.077527,3.863763,0.0,0.0,0.006307,0.015205
treatment_anti_PD1_early,anti_PD1_early,rules,456,4,0.074878,3.751254,0.0,0.0,0.007834,0.019485
treatment_anti_PD1_early,anti_PD1_early,rules,456,5,0.072199,3.636213,0.0,0.0,0.005305,0.023423
treatment_anti_PD1_early,anti_PD1_early,rules,456,6,0.069505,3.51943,0.0,0.0,0.004064,0.02757
treatment_anti_PD1_early,anti_PD1_early,rules,456,7,0.066796,3.400929,0.0,0.0,0.003406,0.032736
treatment_anti_PD1_early,anti_PD1_early,rules,456,8,0.064031,3.278706,0.0,0.0,0.003041,0.041763
treatment_anti_PD1_early,anti_PD1_early,rules,456,9,0.061272,3.155799,0.0,0.0,0.002742,0.055694
treatment_anti_PD1_early,anti_PD1_early,rules,456,10,0.058459,3.029228,0.0,0.0,0.002524,0.07286
treatment_anti_PD1_early,anti_PD1_early,rules,456,11,0.055652,2.902145,0.0,0.0,0.002266,0.092327
treatment_anti_PD1_early,anti_PD1_early,rules,456,12,0.052854,2.774677,0.0,0.0,0.001993,0.111437
treatment_anti_PD1_early,anti_PD1_early,rules,456,13,0.050047,2.647771,0.0,0.0,0.001702,0.129769
treatment_anti_PD1_early,anti_PD1_early,rules,456,14,0.047206,2.521487,0.0,0.0,0.001443,0.147909
treatment_anti_PD1_early,anti_PD1_early,rules,456,15,0.044424,2.396769,0.001706,0.0,0.001171,0.165797
treatment_anti_PD1_early,anti_PD1_early,rules,456,16,0.041803,2.278919,0.004369,0.0,0.000904,0.181955
treatment_anti_PD1_early,anti_PD1_early,rules,456,17,0.039306,2.167348,0.00531,0.0,0.000664,0.19667
treatment_anti_PD1_early,anti_PD1_early,rules,456,18,0.036967,2.06406,0.009349,0.0,0.000457,0.209758
treatment_anti_PD1_early,anti_PD1_early,rules,456,19,0.034744,1.966886,0.01146,0.0,0.000296,0.221498
treatment_anti_PD1_early,anti_PD1_early,rules,456,20,0.032705,1.878148,0.013061,0.0,0.000173,0.231325
treatment_anti_PD1_early,anti_PD1_early,rules,456,21,0.03077,1.793904,0.013524,0.0,9.2e-05,0.24014
treatment_anti_PD1_early,anti_PD1_early,rules,456,22,0.028946,1.715629,0.014092,0.0,4.4e-05,0.2475
treatment_anti_PD1_early,anti_PD1_early,rules,456,23,0.027233,1.64215,0.016205,0.0,2e-05,0.252622
treatment_anti_PD1_early,anti_PD1_early,rules,456,24,0.025576,1.571359,0.015445,0.0,9e-06,0.257033
treatment_anti_PD1_early,anti_PD1_early,rules,456,25,0.024011,1.503423,0.01722,0.0,4e-06,0.260267
treatment_anti_PD1_early,anti_PD1_early,rules,456,26,0.022577,1.440968,0.019423,0.0,2e-06,0.261292
treatment_anti_PD1_early,anti_PD1_early,rules,456,27,0.021186,1.380252,0.01993,0.0,1e-06,0.26081
treatment_anti_PD1_early,anti_PD1_early,rules,456,28,0.019896,1.323406,0.020934,0.0,0.0,0.258867
treatment_anti_PD1_early,anti_PD1_early,rules,456,29,0.018625,1.267192,0.020045,0.0,0.0,0.256104
treatment_anti_PD1_early,anti_PD1_early,rules,456,30,0.017446,1.213833,0.021436,0.0,0.0,0.253187
treatment_anti_CTLA4_early,anti_CTLA4_early,deepseek,123,1,0.082785,4.083627,0.0,0.0,0.002509,0.005554
treatment_anti_CTLA4_early,anti_CTLA4_early,deepseek,123,2,0.080154,3.974449,0.0,0.0,0.004649,0.010664
treatment_anti_CTLA4_early,anti_CTLA4_early,deepseek,123,3,0.077526,3.864185,0.0,0.0,0.006449,0.015365
treatment_anti_CTLA4_early,anti_CTLA4_early,deepseek,123,4,0.074867,3.75136,0.0,0.0,0.008058,0.01969
treatment_anti_CTLA4_early,anti_CTLA4_early,deepseek,123,5,0.07221,3.637545,0.017,0.01025,0.055297,0.071293
treatment_anti_CTLA4_early,anti_CTLA4_early,deepseek,123,6,0.069567,3.523477,0.017926,0.010185,0.047827,0.071804
treatment_anti_CTLA4_early,anti_CTLA4_early,deepseek,123,7,0.066908,3.407648,0.017343,0.010122,0.041995,0.074959
treatment_anti_CTLA4_early,anti_CTLA4_early,deepseek,123,8,0.064227,3.289811,0.016914,0.01006,0.037527,0.079871
treatment_anti_CTLA4_early,anti_CTLA4_early,deepseek,123,9,0.06154,3.170735,0.016498,0.009999,0.034074,0.090975
treatment_anti_CTLA4_early,anti_CTLA4_early,deepseek,123,10,0.058817,3.048953,0.112347,0.01269,0.111655,0.160651
treatment_anti_CTLA4_early,anti_CTLA4_early,deepseek,123,11,0.056169,2.930091,0.118773,0.012621,0.094045,0.170363
treatment_anti_CTLA4_early,anti_CTLA4_early,deepseek,123,12,0.053552,2.812111,0.116311,0.012554,0.079998,0.181408
treatment_anti_CTLA4_early,anti_CTLA4_early,deepseek,123,13,0.050944,2.69453,0.112853,0.012488,0.068873,0.192005
treatment_anti_CTLA4_early,anti_CTLA4_early,deepseek,123,14,0.048348,2.577822,0.109562,0.012423,0.060096,0.202113
treatment_anti_CTLA4_early,anti_CTLA4_early,deepseek,123,15,0.045758,2.461469,0.212716,0.016509,0.085913,0.275348
treatment_anti_CTLA4_early,anti_CTLA4_early,deepseek,123,16,0.043379,2.357147,0.219106,0.016379,0.073941,0.279359
treatment_anti_CTLA4_early,anti_CTLA4_early,deepseek,123,17,0.041197,2.261743,0.213006,0.01625,0.064453,0.28297
treatment_anti_CTLA4_early,anti_CTLA4_early,deepseek,123,18,0.039178,2.174849,0.208905,0.016122,0.056714,0.285761
treatment_anti_CTLA4_early,anti_CTLA4_early,deepseek,123,19,0.03727,2.092423,0.206201,0.015996,0.05048,0.287974
treatment_anti_CTLA4_early,anti_CTLA4_early,deepseek,123,20,0.035451,2.013901,0.280908,0.02091,0.079238,0.355155
treatment_anti_CTLA4_early,anti_CTLA4_early,deepseek,123,21,0.033712,1.939107,0.284356,0.020806,0.068577,0.351422
treatment_anti_CTLA4_early,anti_CTLA4_early,deepseek,123,22,0.032063,1.868143,0.277936,0.020704,0.060106,0.348197
treatment_anti_CTLA4_early,anti_CTLA4_early,deepseek,123,23,0.030437,1.797076,0.271457,0.020603,0.053315,0.344841
treatment_anti_CTLA4_early,anti_CTLA4_early,deepseek,123,24,0.028788,1.724853,0.264784,0.020503,0.047808,0.342187
treatment_anti_CTLA4_early,anti_CTLA4_early,deepseek,123,25,0.027247,1.656546,0.331457,0.023905,0.060203,0.399381
treatment_anti_CTLA4_early,anti_CTLA4_early,deepseek,123,26,0.025778,1.592505,0.331972,0.023794,0.052885,0.38971
treatment_anti_CTLA4_early,anti_CTLA4_early,deepseek,123,27,0.024352,1.530182,0.323064,0.023684,0.047052,0.380047
treatment_anti_CTLA4_early,anti_CTLA4_early,deepseek,123,28,0.023031,1.470574,0.31458,0.023576,0.042112,0.370767
treatment_anti_CTLA4_early,anti_CTLA4_early,deepseek,123,29,0.021718,1.411746,0.305566,0.023468,0.037713,0.36079
treatment_anti_CTLA4_early,anti_CTLA4_early,deepseek,123,30,0.020401,1.35097,0.389954,0.030362,0.058359,0.409621
treatment_anti_CTLA4_early,anti_CTLA4_early,deepseek,42,1,0.082785,4.083627,0.0,0.0,0.002473,0.005668
treatment_anti_CTLA4_early,anti_CTLA4_early,deepseek,42,2,0.080146,3.974013,0.0,0.0,0.004598,0.010882
treatment_anti_CTLA4_early,anti_CTLA4_early,deepseek,42,3,0.077484,3.862017,0.0,0.0,0.006465,0.015679
treatment_anti_CTLA4_early,anti_CTLA4_early,deepseek,42,4,0.074809,3.748425,0.0,0.0,0.008068,0.020093
treatment_anti_CTLA4_early,anti_CTLA4_early,deepseek,42,5,0.072095,3.631787,0.01125,0.009,0.062424,0.076278
treatment_anti_CTLA4_early,anti_CTLA4_early,deepseek,42,6,0.069419,3.51612,0.012497,0.008957,0.053658,0.076054
treatment_anti_CTLA4_early,anti_CTLA4_early,deepseek,42,7,0.066744,3.399492,0.012091,0.008914,0.046766,0.076882
treatment_anti_CTLA4_early,anti_CTLA4_early,deepseek,42,8,0.064048,3.280877,0.011698,0.008872,0.041389,0.082504
treatment_anti_CTLA4_early,anti_CTLA4_early,deepseek,42,9,0.06132,3.159772,0.011318,0.00883,0.037283,0.093662
treatment_anti_CTLA4_early,anti_CTLA4_early,deepseek,42,10,0.058572,3.036686,0.1057,0.013414,0.094283,0.167011
treatment_anti_CTLA4_early,anti_CTLA4_early,deepseek,42,11,0.055941,2.918624,0.113552,0.013229,0.079935,0.177228
treatment_anti_CTLA4_early,anti_CTLA4_early,deepseek,42,12,0.053298,2.799052,0.110184,0.013046,0.068619,0.187333
treatment_anti_CTLA4_early,anti_CTLA4_early,deepseek,42,13,0.050635,2.678173,0.106845,0.012866,0.059754,0.197534
treatment_anti_CTLA4_early,anti_CTLA4_early,deepseek,42,14,0.047964,2.557614,0.103534,0.012689,0.052783,0.208274
treatment_anti_CTLA4_early,anti_CTLA4_early,deepseek,42,15,0.045316,2.441763,0.206844,0.01464,0.092603,0.286331
treatment_anti_CTLA4_early,anti_CTLA4_early,deepseek,42,16,0.042892,2.336334,0.215037,0.014454,0.079174,0.289947
treatment_anti_CTLA4_early,anti_CTLA4_early,deepseek,42,17,0.040647,2.237753,0.208371,0.01427,0.068507,0.293297
treatment_anti_CTLA4_early,anti_CTLA4_early,deepseek,42,18,0.038525,2.145044,0.201921,0.014089,0.060031,0.296597
treatment_anti_CTLA4_early,anti_CTLA4_early,deepseek,42,19,0.036529,2.059467,0.19544,0.013911,0.053269,0.299474
treatment_anti_CTLA4_early,anti_CTLA4_early,deepseek,42,20,0.034649,1.97872,0.268938,0.016545,0.065098,0.369212
treatment_anti_CTLA4_early,anti_CTLA4_early,deepseek,42,21,0.032896,1.903197,0.275785,0.016466,0.057129,0.364892
treatment_anti_CTLA4_early,anti_CTLA4_early,deepseek,42,22,0.031236,1.831081,0.266822,0.016389,0.050974,0.361428
treatment_anti_CTLA4_early,anti_CTLA4_early,deepseek,42,23,0.02961,1.760014,0.25815,0.016312,0.046194,0.358601
treatment_anti_CTLA4_early,anti_CTLA4_early,deepseek,42,24,0.028031,1.690238,0.24976,0.016236,0.042092,0.355909
treatment_anti_CTLA4_early,anti_CTLA4_early,deepseek,42,25,0.026496,1.622865,0.321468,0.020411,0.050936,0.411044
treatment_anti_CTLA4_early,anti_CTLA4_early,deepseek,42,26,0.025039,1.558347,0.325667,0.020321,0.04582,0.402627
treatment_anti_CTLA4_early,anti_CTLA4_early,deepseek,42,27,0.023669,1.496639,0.315083,0.020232,0.041502,0.394794
treatment_anti_CTLA4_early,anti_CTLA4_early,deepseek,42,28,0.022266,1.433365,0.304843,0.020144,0.037879,0.386072
treatment_anti_CTLA4_early,anti_CTLA4_early,deepseek,42,29,0.0209,1.371131,0.294935,0.020056,0.034636,0.377058
treatment_anti_CTLA4_early,anti_CTLA4_early,deepseek,42,30,0.019647,1.314385,0.35785,0.024345,0.046659,0.424901
treatment_anti_CTLA4_early,anti_CTLA4_early,deepseek,456,1,0.082785,4.083627,0.0,0.0,0.002447,0.005496
treatment_anti_CTLA4_early,anti_CTLA4_early,deepseek,456,2,0.08016,3.974476,0.0,0.0,0.004528,0.010553
treatment_anti_CTLA4_early,anti_CTLA4_early,deepseek,456,3,0.077527,3.863763,0.0,0.0,0.006307,0.015205
treatment_anti_CTLA4_early,anti_CTLA4_early,deepseek,456,4,0.074878,3.751254,0.0,0.0,0.007834,0.019485
treatment_anti_CTLA4_early,anti_CTLA4_early,deepseek,456,5,0.072199,3.636213,0.01375,0.0075,0.073977,0.071673
treatment_anti_CTLA4_early,anti_CTLA4_early,deepseek,456,6,0.06956,3.52218,0.014916,0.007455,0.062856,0.07217
treatment_anti_CTLA4_early,anti_CTLA4_early,deepseek,456,7,0.066913,3.406865,0.0147,0.007411,0.054087,0.074788
treatment_anti_CTLA4_early,anti_CTLA4_early,deepseek,456,8,0.064225,3.28855,0.014491,0.007367,0.04729,0.080631
treatment_anti_CTLA4_early,anti_CTLA4_early,deepseek,456,9,0.061546,3.169746,0.014288,0.007324,0.041931,0.090792
treatment_anti_CTLA4_early,anti_CTLA4_early,deepseek,456,10,0.058817,3.047612,0.124208,0.012406,0.108925,0.162975
treatment_anti_CTLA4_early,anti_CTLA4_early,deepseek,456,11,0.056211,2.930704,0.131728,0.012343,0.091801,0.173193
treatment_anti_CTLA4_early,anti_CTLA4_early,deepseek,456,12,0.053609,2.813126,0.128092,0.012281,0.078204,0.183704
treatment_anti_CTLA4_early,anti_CTLA4_early,deepseek,456,13,0.050998,2.694875,0.124171,0.01222,0.067508,0.194259
treatment_anti_CTLA4_early,anti_CTLA4_early,deepseek,456,14,0.048354,2.575221,0.12035,0.012159,0.059212,0.20433
treatment_anti_CTLA4_early,anti_CTLA4_early,deepseek,456,15,0.045727,2.460698,0.216373,0.016225,0.112626,0.27368
treatment_anti_CTLA4_early,anti_CTLA4_early,deepseek,456,16,0.043271,2.354535,0.223182,0.01615,0.095448,0.277592
treatment_anti_CTLA4_early,anti_CTLA4_early,deepseek,456,17,0.040937,2.253574,0.216439,0.016076,0.081781,0.281251
treatment_anti_CTLA4_early,anti_CTLA4_early,deepseek,456,18,0.038752,2.157799,0.21091,0.016003,0.070976,0.284377
treatment_anti_CTLA4_early,anti_CTLA4_early,deepseek,456,19,0.036649,2.066334,0.205157,0.015931,0.062417,0.287088
treatment_anti_CTLA4_early,anti_CTLA4_early,deepseek,456,20,0.034644,1.980606,0.290096,0.02086,0.077441,0.341643
treatment_anti_CTLA4_early,anti_CTLA4_early,deepseek,456,21,0.032797,1.899981,0.293299,0.020767,0.067607,0.339593
treatment_anti_CTLA4_early,anti_CTLA4_early,deepseek,456,22,0.03101,1.82241,0.286131,0.020674,0.059809,0.337942
treatment_anti_CTLA4_early,anti_CTLA4_early,deepseek,456,23,0.029339,1.750073,0.27831,0.020582,0.053516,0.335658
treatment_anti_CTLA4_early,anti_CTLA4_early,deepseek,456,24,0.027761,1.681736,0.269534,0.020491,0.048298,0.333991
treatment_anti_CTLA4_early,anti_CTLA4_early,deepseek,456,25,0.026219,1.615911,0.324212,0.023775,0.0597,0.385393
treatment_anti_CTLA4_early,anti_CTLA4_early,deepseek,456,26,0.02481,1.555153,0.323887,0.023671,0.05279,0.377543
treatment_anti_CTLA4_early,anti_CTLA4_early,deepseek,456,27,0.023489,1.496733,0.315457,0.023568,0.047306,0.370031
treatment_anti_CTLA4_early,anti_CTLA4_early,deepseek,456,28,0.022194,1.440639,0.306817,0.023466,0.042795,0.363255
treatment_anti_CTLA4_early,anti_CTLA4_early,deepseek,456,29,0.02093,1.384269,0.300071,0.023365,0.038643,0.355281
treatment_anti_CTLA4_early,anti_CTLA4_early,deepseek,456,30,0.019641,1.327773,0.3567,0.027764,0.055556,0.40298
treatment_anti_CTLA4_early,anti_CTLA4_early,rules,123,1,0.082785,4.083627,0.0,0.0,0.002509,0.005554
treatment_anti_CTLA4_early,anti_CTLA4_early,rules,123,2,0.080154,3.974449,0.0,0.0,0.004649,0.010664
treatment_anti_CTLA4_early,anti_CTLA4_early,rules,123,3,0.077526,3.864185,0.0,0.0,0.006449,0.015365
treatment_anti_CTLA4_early,anti_CTLA4_early,rules,123,4,0.074867,3.75136,0.0,0.0,0.008058,0.01969
treatment_anti_CTLA4_early,anti_CTLA4_early,rules,123,5,0.07221,3.637545,0.0,0.0,0.009422,0.023668
treatment_anti_CTLA4_early,anti_CTLA4_early,rules,123,6,0.069517,3.520977,0.0,0.0,0.010699,0.027689
treatment_anti_CTLA4_early,anti_CTLA4_early,rules,123,7,0.066808,3.40266,0.0,0.0,0.011835,0.034073
treatment_anti_CTLA4_early,anti_CTLA4_early,rules,123,8,0.064073,3.282099,0.0,0.0,0.012909,0.043381
treatment_anti_CTLA4_early,anti_CTLA4_early,rules,123,9,0.061328,3.160077,0.0,0.0,0.013877,0.05703
treatment_anti_CTLA4_early,anti_CTLA4_early,rules,123,10,0.058547,3.035348,0.0,0.0,0.014825,0.073696
treatment_anti_CTLA4_early,anti_CTLA4_early,rules,123,11,0.055743,2.908459,0.0,0.0,0.015743,0.091565
treatment_anti_CTLA4_early,anti_CTLA4_early,rules,123,12,0.052948,2.78115,0.0,0.0,0.016559,0.110313
treatment_anti_CTLA4_early,anti_CTLA4_early,rules,123,13,0.050161,2.654475,0.0,0.0,0.017284,0.128222
treatment_anti_CTLA4_early,anti_CTLA4_early,rules,123,14,0.047403,2.529835,0.0,0.0,0.017889,0.145284
treatment_anti_CTLA4_early,anti_CTLA4_early,rules,123,15,0.04473,2.409825,0.00215,0.0,0.018388,0.160515
treatment_anti_CTLA4_early,anti_CTLA4_early,rules,123,16,0.042173,2.29502,0.004633,0.0,0.018741,0.174595
treatment_anti_CTLA4_early,anti_CTLA4_early,rules,123,17,0.03971,2.184361,0.004483,0.0,0.019077,0.188223
treatment_anti_CTLA4_early,anti_CTLA4_early,rules,123,18,0.037399,2.079241,0.004337,0.0,0.019264,0.200688
treatment_anti_CTLA4_early,anti_CTLA4_early,rules,123,19,0.035202,1.979978,0.005002,0.0,0.019408,0.211786
treatment_anti_CTLA4_early,anti_CTLA4_early,rules,123,20,0.033143,1.887975,0.008199,0.0,0.019459,0.221184
treatment_anti_CTLA4_early,anti_CTLA4_early,rules,123,21,0.031224,1.804298,0.009276,0.0,0.019453,0.229254
treatment_anti_CTLA4_early,anti_CTLA4_early,rules,123,22,0.02939,1.723551,0.011125,0.0,0.019381,0.236403
treatment_anti_CTLA4_early,anti_CTLA4_early,rules,123,23,0.027669,1.647253,0.014929,0.0,0.019171,0.242259
treatment_anti_CTLA4_early,anti_CTLA4_early,rules,123,24,0.026063,1.575735,0.021297,0.0,0.018773,0.246487
treatment_anti_CTLA4_early,anti_CTLA4_early,rules,123,25,0.024528,1.507792,0.022755,0.0,0.018282,0.249071
treatment_anti_CTLA4_early,anti_CTLA4_early,rules,123,26,0.023022,1.440674,0.02524,0.0,0.017594,0.249399
treatment_anti_CTLA4_early,anti_CTLA4_early,rules,123,27,0.021623,1.377779,0.025495,0.0,0.016896,0.247728
treatment_anti_CTLA4_early,anti_CTLA4_early,rules,123,28,0.020255,1.315563,0.025607,0.0,0.016184,0.246104
treatment_anti_CTLA4_early,anti_CTLA4_early,rules,123,29,0.018921,1.255152,0.026925,0.0,0.01551,0.243475
treatment_anti_CTLA4_early,anti_CTLA4_early,rules,123,30,0.017676,1.198229,0.02699,0.0,0.014755,0.2412
treatment_anti_CTLA4_early,anti_CTLA4_early,rules,42,1,0.082785,4.083627,0.0,0.0,0.002473,0.005668
treatment_anti_CTLA4_early,anti_CTLA4_early,rules,42,2,0.080146,3.974013,0.0,0.0,0.004598,0.010882
treatment_anti_CTLA4_early,anti_CTLA4_early,rules,42,3,0.077484,3.862017,0.0,0.0,0.006465,0.015679
treatment_anti_CTLA4_early,anti_CTLA4_early,rules,42,4,0.074809,3.748425,0.0,0.0,0.008068,0.020093
treatment_anti_CTLA4_early,anti_CTLA4_early,rules,42,5,0.072095,3.631787,0.0,0.0,0.009549,0.024153
treatment_anti_CTLA4_early,anti_CTLA4_early,rules,42,6,0.069369,3.51362,0.0,0.0,0.01085,0.027799
treatment_anti_CTLA4_early,anti_CTLA4_early,rules,42,7,0.066642,3.394429,0.0,0.0,0.011986,0.032412
treatment_anti_CTLA4_early,anti_CTLA4_early,rules,42,8,0.063889,3.273124,0.0,0.0,0.013018,0.041742
treatment_anti_CTLA4_early,anti_CTLA4_early,rules,42,9,0.061107,3.14935,0.0,0.0,0.013996,0.055561
treatment_anti_CTLA4_early,anti_CTLA4_early,rules,42,10,0.058304,3.023605,0.0,0.0,0.014906,0.072233
treatment_anti_CTLA4_early,anti_CTLA4_early,rules,42,11,0.055496,2.896666,0.0,0.0,0.01573,0.090258
treatment_anti_CTLA4_early,anti_CTLA4_early,rules,42,12,0.052678,2.768296,0.0,0.0,0.016497,0.108475
treatment_anti_CTLA4_early,anti_CTLA4_early,rules,42,13,0.049841,2.63922,0.0,0.0,0.017259,0.126719
treatment_anti_CTLA4_early,anti_CTLA4_early,rules,42,14,0.047029,2.512207,0.001075,0.0,0.017889,0.144015
treatment_anti_CTLA4_early,anti_CTLA4_early,rules,42,15,0.044268,2.387225,0.00104,0.0,0.018532,0.160812
treatment_anti_CTLA4_early,anti_CTLA4_early,rules,42,16,0.041631,2.267183,0.004097,0.0,0.018998,0.176411
treatment_anti_CTLA4_early,anti_CTLA4_early,rules,42,17,0.03908,2.15305,0.00692,0.0,0.019388,0.190984
treatment_anti_CTLA4_early,anti_CTLA4_early,rules,42,18,0.036721,2.04965,0.011398,0.0,0.019633,0.203716
treatment_anti_CTLA4_early,anti_CTLA4_early,rules,42,19,0.034526,1.954366,0.016134,0.0,0.019719,0.21468
treatment_anti_CTLA4_early,anti_CTLA4_early,rules,42,20,0.032539,1.867117,0.019372,0.0,0.01962,0.223795
treatment_anti_CTLA4_early,anti_CTLA4_early,rules,42,21,0.030703,1.78721,0.021296,0.0,0.019477,0.231365
treatment_anti_CTLA4_early,anti_CTLA4_early,rules,42,22,0.028975,1.712444,0.023694,0.0,0.019359,0.237743
treatment_anti_CTLA4_early,anti_CTLA4_early,rules,42,23,0.027327,1.640455,0.02373,0.0,0.019266,0.243629
treatment_anti_CTLA4_early,anti_CTLA4_early,rules,42,24,0.025793,1.573187,0.027259,0.0,0.019068,0.247944
treatment_anti_CTLA4_early,anti_CTLA4_early,rules,42,25,0.024316,1.507137,0.027583,0.0,0.018726,0.251715
treatment_anti_CTLA4_early,anti_CTLA4_early,rules,42,26,0.022877,1.442591,0.030046,0.0,0.018265,0.253723
treatment_anti_CTLA4_early,anti_CTLA4_early,rules,42,27,0.021561,1.384179,0.034122,0.0,0.017619,0.253761
treatment_anti_CTLA4_early,anti_CTLA4_early,rules,42,28,0.020283,1.327312,0.033013,0.0,0.016772,0.252201
treatment_anti_CTLA4_early,anti_CTLA4_early,rules,42,29,0.019061,1.272358,0.03194,0.0,0.016019,0.249932
treatment_anti_CTLA4_early,anti_CTLA4_early,rules,42,30,0.017857,1.218156,0.032783,0.0,0.015039,0.247538
treatment_anti_CTLA4_early,anti_CTLA4_early,rules,456,1,0.082785,4.083627,0.0,0.0,0.002447,0.005496
treatment_anti_CTLA4_early,anti_CTLA4_early,rules,456,2,0.08016,3.974476,0.0,0.0,0.004528,0.010553
treatment_anti_CTLA4_early,anti_CTLA4_early,rules,456,3,0.077527,3.863763,0.0,0.0,0.006307,0.015205
treatment_anti_CTLA4_early,anti_CTLA4_early,rules,456,4,0.074878,3.751254,0.0,0.0,0.007834,0.019485
treatment_anti_CTLA4_early,anti_CTLA4_early,rules,456,5,0.072199,3.636213,0.0,0.0,0.009227,0.023423
treatment_anti_CTLA4_early,anti_CTLA4_early,rules,456,6,0.069505,3.51943,0.0,0.0,0.010457,0.02748
treatment_anti_CTLA4_early,anti_CTLA4_early,rules,456,7,0.066796,3.400929,0.0,0.0,0.011561,0.032473
treatment_anti_CTLA4_early,anti_CTLA4_early,rules,456,8,0.064031,3.278706,0.0,0.0,0.012653,0.041252
treatment_anti_CTLA4_early,anti_CTLA4_early,rules,456,9,0.061272,3.155799,0.0,0.0,0.013603,0.054863
treatment_anti_CTLA4_early,anti_CTLA4_early,rules,456,10,0.058459,3.029228,0.0,0.0,0.014597,0.071645
treatment_anti_CTLA4_early,anti_CTLA4_early,rules,456,11,0.055652,2.902145,0.0,0.0,0.01546,0.09067
treatment_anti_CTLA4_early,anti_CTLA4_early,rules,456,12,0.052854,2.774677,0.0,0.0,0.016234,0.109283
treatment_anti_CTLA4_early,anti_CTLA4_early,rules,456,13,0.050047,2.647771,0.0,0.0,0.016949,0.127066
treatment_anti_CTLA4_early,anti_CTLA4_early,rules,456,14,0.047206,2.521487,0.0,0.0,0.017721,0.144613
treatment_anti_CTLA4_early,anti_CTLA4_early,rules,456,15,0.044424,2.396769,0.001747,0.0,0.018356,0.161865
treatment_anti_CTLA4_early,anti_CTLA4_early,rules,456,16,0.041803,2.278919,0.004512,0.0,0.018758,0.177356
treatment_anti_CTLA4_early,anti_CTLA4_early,rules,456,17,0.039306,2.167348,0.005575,0.0,0.019021,0.191392
treatment_anti_CTLA4_early,anti_CTLA4_early,rules,456,18,0.036957,2.06356,0.009828,0.0,0.019197,0.203941
treatment_anti_CTLA4_early,anti_CTLA4_early,rules,456,19,0.034724,1.966481,0.012868,0.0,0.019351,0.215203
treatment_anti_CTLA4_early,anti_CTLA4_early,rules,456,20,0.032638,1.875291,0.013928,0.0,0.019351,0.224762
treatment_anti_CTLA4_early,anti_CTLA4_early,rules,456,21,0.030648,1.788153,0.016163,0.0,0.019262,0.233357
treatment_anti_CTLA4_early,anti_CTLA4_early,rules,456,22,0.028755,1.705585,0.017519,0.0,0.019052,0.240468
treatment_anti_CTLA4_early,anti_CTLA4_early,rules,456,23,0.026985,1.628692,0.020846,0.0,0.018665,0.245625
treatment_anti_CTLA4_early,anti_CTLA4_early,rules,456,24,0.025273,1.555489,0.023528,0.0,0.018308,0.249588
treatment_anti_CTLA4_early,anti_CTLA4_early,rules,456,25,0.023677,1.48627,0.028541,0.0,0.017827,0.252379
treatment_anti_CTLA4_early,anti_CTLA4_early,rules,456,26,0.022241,1.423066,0.033123,0.0,0.017117,0.252746
treatment_anti_CTLA4_early,anti_CTLA4_early,rules,456,27,0.020856,1.361796,0.033659,0.0,0.016415,0.252011
treatment_anti_CTLA4_early,anti_CTLA4_early,rules,456,28,0.019598,1.305992,0.037268,0.0,0.015531,0.249891
treatment_anti_CTLA4_early,anti_CTLA4_early,rules,456,29,0.018298,1.248263,0.036595,0.0,0.014799,0.246582
treatment_anti_CTLA4_early,anti_CTLA4_early,rules,456,30,0.017108,1.194941,0.038765,0.0,0.013876,0.242482
perturbation_PD1_KO,PD1_KO,deepseek,123,1,0.082785,4.083627,0.0,0.0,0.002509,0.005554
perturbation_PD1_KO,PD1_KO,deepseek,123,2,0.080219,3.977699,0.008375,0.0,0.004483,0.010664
perturbation_PD1_KO,PD1_KO,deepseek,123,3,0.07771,3.873418,0.014663,0.0,0.00602,0.015365
perturbation_PD1_KO,PD1_KO,deepseek,123,4,0.075225,3.769303,0.018071,0.0,0.007277,0.01969
perturbation_PD1_KO,PD1_KO,deepseek,123,5,0.072758,3.665108,0.046624,0.00625,0.050177,0.065668
perturbation_PD1_KO,PD1_KO,deepseek,123,6,0.070313,3.561093,0.044337,0.005918,0.043135,0.066644
perturbation_PD1_KO,PD1_KO,deepseek,123,7,0.06794,3.459758,0.050428,0.005603,0.037371,0.069616
perturbation_PD1_KO,PD1_KO,deepseek,123,8,0.065586,3.358589,0.049535,0.005306,0.032819,0.075126
perturbation_PD1_KO,PD1_KO,deepseek,123,9,0.063263,3.258019,0.050032,0.005026,0.029199,0.083345
perturbation_PD1_KO,PD1_KO,deepseek,123,10,0.06097,3.158288,0.073229,0.01301,0.07054,0.140782
perturbation_PD1_KO,PD1_KO,deepseek,123,11,0.058702,3.058941,0.068406,0.012289,0.059746,0.147648
perturbation_PD1_KO,PD1_KO,deepseek,123,12,0.056478,2.961222,0.07084,0.011605,0.051093,0.154775
perturbation_PD1_KO,PD1_KO,deepseek,123,13,0.054313,2.866645,0.068531,0.010957,0.044102,0.161941
perturbation_PD1_KO,PD1_KO,deepseek,123,14,0.052162,2.774481,0.067128,0.010342,0.038565,0.168358
perturbation_PD1_KO,PD1_KO,deepseek,123,15,0.050043,2.684806,0.084365,0.016803,0.061955,0.232462
perturbation_PD1_KO,PD1_KO,deepseek,123,16,0.048011,2.599475,0.077429,0.015936,0.053139,0.233887
perturbation_PD1_KO,PD1_KO,deepseek,123,17,0.046124,2.519086,0.078536,0.015114,0.045981,0.234748
perturbation_PD1_KO,PD1_KO,deepseek,123,18,0.044337,2.443116,0.076207,0.014335,0.04027,0.23569
perturbation_PD1_KO,PD1_KO,deepseek,123,19,0.042642,2.371554,0.073287,0.013597,0.035756,0.236331
perturbation_PD1_KO,PD1_KO,deepseek,123,20,0.04098,2.301636,0.089033,0.016272,0.054323,0.297722
perturbation_PD1_KO,PD1_KO,deepseek,123,21,0.039355,2.2338,0.08213,0.015433,0.04708,0.294154
perturbation_PD1_KO,PD1_KO,deepseek,123,22,0.037821,2.170059,0.081917,0.014637,0.041138,0.290798
perturbation_PD1_KO,PD1_KO,deepseek,123,23,0.03634,2.10674,0.077975,0.013883,0.036319,0.286359
perturbation_PD1_KO,PD1_KO,deepseek,123,24,0.034892,2.04576,0.075177,0.013169,0.032272,0.282126
perturbation_PD1_KO,PD1_KO,deepseek,123,25,0.033491,1.986356,0.091785,0.018116,0.050165,0.340532
perturbation_PD1_KO,PD1_KO,deepseek,123,26,0.032117,1.927425,0.084731,0.017183,0.043286,0.330813
perturbation_PD1_KO,PD1_KO,deepseek,123,27,0.030818,1.871633,0.084958,0.016299,0.037511,0.321671
perturbation_PD1_KO,PD1_KO,deepseek,123,28,0.029549,1.81623,0.081212,0.015461,0.032757,0.311911
perturbation_PD1_KO,PD1_KO,deepseek,123,29,0.028318,1.763451,0.078091,0.014666,0.028654,0.303156
perturbation_PD1_KO,PD1_KO,deepseek,123,30,0.027052,1.707248,0.101282,0.020412,0.042905,0.359102
perturbation_PD1_KO,PD1_KO,deepseek,42,1,0.082785,4.083627,0.0,0.0,0.002473,0.005668
perturbation_PD1_KO,PD1_KO,deepseek,42,2,0.080241,3.978763,0.00875,0.0,0.004349,0.010882
perturbation_PD1_KO,PD1_KO,deepseek,42,3,0.07774,3.874917,0.01525,0.0,0.005849,0.015679
perturbation_PD1_KO,PD1_KO,deepseek,42,4,0.075266,3.77146,0.019475,0.0,0.007046,0.020093
perturbation_PD1_KO,PD1_KO,deepseek,42,5,0.072789,3.666919,0.037652,0.01175,0.047965,0.071153
perturbation_PD1_KO,PD1_KO,deepseek,42,6,0.070339,3.562792,0.035387,0.011147,0.041325,0.071429
perturbation_PD1_KO,PD1_KO,deepseek,42,7,0.067952,3.460973,0.041374,0.010576,0.035926,0.072632
perturbation_PD1_KO,PD1_KO,deepseek,42,8,0.065605,3.360313,0.043136,0.010034,0.031534,0.079589
perturbation_PD1_KO,PD1_KO,deepseek,42,9,0.06326,3.258926,0.044523,0.00952,0.028126,0.08959
perturbation_PD1_KO,PD1_KO,deepseek,42,10,0.060955,3.158618,0.063195,0.014907,0.074027,0.15579
perturbation_PD1_KO,PD1_KO,deepseek,42,11,0.058668,3.058484,0.058626,0.014078,0.06251,0.16352
perturbation_PD1_KO,PD1_KO,deepseek,42,12,0.05641,2.95901,0.063088,0.013293,0.053287,0.170666
perturbation_PD1_KO,PD1_KO,deepseek,42,13,0.054166,2.859462,0.061054,0.01255,0.045951,0.177349
perturbation_PD1_KO,PD1_KO,deepseek,42,14,0.051931,2.759913,0.059599,0.011847,0.040114,0.183872
perturbation_PD1_KO,PD1_KO,deepseek,42,15,0.049734,2.664996,0.069964,0.013932,0.072185,0.246923
perturbation_PD1_KO,PD1_KO,deepseek,42,16,0.047615,2.574589,0.064093,0.013159,0.061299,0.248558
perturbation_PD1_KO,PD1_KO,deepseek,42,17,0.045667,2.493346,0.065633,0.012428,0.052459,0.249261
perturbation_PD1_KO,PD1_KO,deepseek,42,18,0.043833,2.415662,0.064895,0.011735,0.045466,0.249908
perturbation_PD1_KO,PD1_KO,deepseek,42,19,0.042097,2.342739,0.063281,0.011078,0.039861,0.250504
perturbation_PD1_KO,PD1_KO,deepseek,42,20,0.040429,2.274329,0.072427,0.014082,0.047516,0.315577
perturbation_PD1_KO,PD1_KO,deepseek,42,21,0.038824,2.207542,0.06631,0.013299,0.041428,0.309766
perturbation_PD1_KO,PD1_KO,deepseek,42,22,0.037299,2.14379,0.068804,0.012558,0.036605,0.304345
perturbation_PD1_KO,PD1_KO,deepseek,42,23,0.035814,2.081638,0.067423,0.011856,0.032732,0.299583
perturbation_PD1_KO,PD1_KO,deepseek,42,24,0.034335,2.01932,0.064056,0.011192,0.029536,0.295227
perturbation_PD1_KO,PD1_KO,deepseek,42,25,0.032905,1.958204,0.0789,0.014062,0.038408,0.354744
perturbation_PD1_KO,PD1_KO,deepseek,42,26,0.031481,1.898125,0.073385,0.013283,0.034288,0.345801
perturbation_PD1_KO,PD1_KO,deepseek,42,27,0.030178,1.842038,0.074672,0.012546,0.030738,0.336748
perturbation_PD1_KO,PD1_KO,deepseek,42,28,0.028907,1.786753,0.070705,0.011847,0.02781,0.329169
perturbation_PD1_KO,PD1_KO,deepseek,42,29,0.027675,1.732766,0.069884,0.011185,0.024959,0.319796
perturbation_PD1_KO,PD1_KO,deepseek,42,30,0.026475,1.680382,0.092373,0.015809,0.027177,0.368524
perturbation_PD1_KO,PD1_KO,deepseek,456,1,0.082785,4.083627,0.0,0.0,0.002447,0.005496
perturbation_PD1_KO,PD1_KO,deepseek,456,2,0.080205,3.976726,0.008625,0.0,0.004423,0.010553
perturbation_PD1_KO,PD1_KO,deepseek,456,3,0.077667,3.870777,0.013638,0.0,0.005999,0.015205
perturbation_PD1_KO,PD1_KO,deepseek,456,4,0.075134,3.764025,0.018024,0.0,0.007308,0.019485
perturbation_PD1_KO,PD1_KO,deepseek,456,5,0.072594,3.655998,0.043221,0.0115,0.068965,0.069548
perturbation_PD1_KO,PD1_KO,deepseek,456,6,0.070094,3.549235,0.040899,0.01091,0.058384,0.06978
perturbation_PD1_KO,PD1_KO,deepseek,456,7,0.067663,3.444948,0.046284,0.010351,0.049821,0.072169
perturbation_PD1_KO,PD1_KO,deepseek,456,8,0.065204,3.33837,0.046006,0.00982,0.043142,0.077592
perturbation_PD1_KO,PD1_KO,deepseek,456,9,0.062802,3.233709,0.047055,0.009317,0.037725,0.085731
perturbation_PD1_KO,PD1_KO,deepseek,456,10,0.060397,3.128051,0.071475,0.015841,0.102039,0.151719
perturbation_PD1_KO,PD1_KO,deepseek,456,11,0.058022,3.023114,0.067077,0.014981,0.085476,0.159403
perturbation_PD1_KO,PD1_KO,deepseek,456,12,0.055708,2.921536,0.07107,0.014166,0.072128,0.166807
perturbation_PD1_KO,PD1_KO,deepseek,456,13,0.053399,2.820695,0.066913,0.013392,0.061541,0.174154
perturbation_PD1_KO,PD1_KO,deepseek,456,14,0.05111,2.721367,0.065221,0.01266,0.053151,0.181446
perturbation_PD1_KO,PD1_KO,deepseek,456,15,0.048887,2.625623,0.075699,0.016638,0.091464,0.247605
perturbation_PD1_KO,PD1_KO,deepseek,456,16,0.046702,2.53067,0.069379,0.015785,0.0773,0.249673
perturbation_PD1_KO,PD1_KO,deepseek,456,17,0.04469,2.443268,0.069566,0.014975,0.065819,0.251126
perturbation_PD1_KO,PD1_KO,deepseek,456,18,0.042784,2.361147,0.069735,0.014208,0.056705,0.252688
perturbation_PD1_KO,PD1_KO,deepseek,456,19,0.040966,2.28345,0.066136,0.013479,0.049356,0.253824
perturbation_PD1_KO,PD1_KO,deepseek,456,20,0.039242,2.210697,0.077898,0.018789,0.05497,0.31207
perturbation_PD1_KO,PD1_KO,deepseek,456,21,0.037545,2.137904,0.071483,0.017819,0.048106,0.308826
perturbation_PD1_KO,PD1_KO,deepseek,456,22,0.035931,2.068421,0.07321,0.016899,0.042474,0.305466
perturbation_PD1_KO,PD1_KO,deepseek,456,23,0.034338,2.000752,0.070764,0.016028,0.037998,0.302375
perturbation_PD1_KO,PD1_KO,deepseek,456,24,0.0328,1.934575,0.067062,0.015202,0.03427,0.299532
perturbation_PD1_KO,PD1_KO,deepseek,456,25,0.031312,1.872545,0.082231,0.018293,0.038878,0.353566
perturbation_PD1_KO,PD1_KO,deepseek,456,26,0.02986,1.811825,0.075758,0.017347,0.034878,0.345608
perturbation_PD1_KO,PD1_KO,deepseek,456,27,0.02844,1.751055,0.075807,0.01645,0.031645,0.337687
perturbation_PD1_KO,PD1_KO,deepseek,456,28,0.027083,1.692906,0.073101,0.0156,0.028792,0.330549
perturbation_PD1_KO,PD1_KO,deepseek,456,29,0.025812,1.638538,0.072416,0.014794,0.025933,0.321883
perturbation_PD1_KO,PD1_KO,deepseek,456,30,0.024527,1.583264,0.086175,0.01978,0.033789,0.374034
perturbation_PD1_KO,PD1_KO,rules,123,1,0.082785,4.083627,0.0,0.0,0.002509,0.005554
perturbation_PD1_KO,PD1_KO,rules,123,2,0.080219,3.977699,0.008375,0.0,0.004483,0.010664
perturbation_PD1_KO,PD1_KO,rules,123,3,0.07771,3.873418,0.014663,0.0,0.00602,0.015365
perturbation_PD1_KO,PD1_KO,rules,123,4,0.075225,3.769303,0.018071,0.0,0.007277,0.01969
perturbation_PD1_KO,PD1_KO,rules,123,5,0.072758,3.665108,0.020264,0.0,0.008302,0.023668
perturbation_PD1_KO,PD1_KO,rules,123,6,0.070288,3.559843,0.023613,0.0,0.009204,0.027704
perturbation_PD1_KO,PD1_KO,rules,123,7,0.067855,3.455514,0.027251,0.0,0.009903,0.034117
perturbation_PD1_KO,PD1_KO,rules,123,8,0.065429,3.350641,0.028526,0.0,0.010537,0.042041
perturbation_PD1_KO,PD1_KO,rules,123,9,0.063008,3.245214,0.031674,0.0,0.01111,0.053007
perturbation_PD1_KO,PD1_KO,rules,123,10,0.06062,3.140664,0.033381,0.0,0.011565,0.065946
perturbation_PD1_KO,PD1_KO,rules,123,11,0.058228,3.035101,0.034293,0.0,0.012023,0.079949
perturbation_PD1_KO,PD1_KO,rules,123,12,0.055907,2.932259,0.037114,0.0,0.012286,0.093582
perturbation_PD1_KO,PD1_KO,rules,123,13,0.053631,2.831154,0.037777,0.0,0.012455,0.1068
perturbation_PD1_KO,PD1_KO,rules,123,14,0.051402,2.733918,0.0395,0.0,0.012524,0.118285
perturbation_PD1_KO,PD1_KO,rules,123,15,0.049243,2.641745,0.042175,0.0,0.012487,0.128026
perturbation_PD1_KO,PD1_KO,rules,123,16,0.047172,2.553349,0.042207,0.0,0.012413,0.136913
perturbation_PD1_KO,PD1_KO,rules,123,17,0.045252,2.470404,0.043987,0.0,0.012292,0.144789
perturbation_PD1_KO,PD1_KO,rules,123,18,0.043421,2.39204,0.045213,0.0,0.012158,0.151885
perturbation_PD1_KO,PD1_KO,rules,123,19,0.041721,2.319213,0.045692,0.0,0.011937,0.157738
perturbation_PD1_KO,PD1_KO,rules,123,20,0.040057,2.248726,0.046622,0.0,0.011764,0.162898
perturbation_PD1_KO,PD1_KO,rules,123,21,0.038461,2.181819,0.047585,0.0,0.011579,0.16727
perturbation_PD1_KO,PD1_KO,rules,123,22,0.036926,2.117264,0.046952,0.0,0.011356,0.171143
perturbation_PD1_KO,PD1_KO,rules,123,23,0.035461,2.055125,0.047257,0.0,0.011066,0.17433
perturbation_PD1_KO,PD1_KO,rules,123,24,0.034033,1.994061,0.047281,0.0,0.010729,0.176663
perturbation_PD1_KO,PD1_KO,rules,123,25,0.032683,1.936755,0.046428,0.0,0.010275,0.177534
perturbation_PD1_KO,PD1_KO,rules,123,26,0.031355,1.880373,0.047535,0.0,0.009741,0.177285
perturbation_PD1_KO,PD1_KO,rules,123,27,0.030082,1.825778,0.046656,0.0,0.009307,0.177131
perturbation_PD1_KO,PD1_KO,rules,123,28,0.028824,1.771353,0.047116,0.0,0.008853,0.17609
perturbation_PD1_KO,PD1_KO,rules,123,29,0.027568,1.717738,0.047279,0.0,0.008417,0.174532
perturbation_PD1_KO,PD1_KO,rules,123,30,0.026377,1.665867,0.046051,0.0,0.007925,0.172348
perturbation_PD1_KO,PD1_KO,rules,42,1,0.082785,4.083627,0.0,0.0,0.002473,0.005668
perturbation_PD1_KO,PD1_KO,rules,42,2,0.080241,3.978763,0.00875,0.0,0.004349,0.010882
perturbation_PD1_KO,PD1_KO,rules,42,3,0.07774,3.874917,0.01525,0.0,0.005849,0.015679
perturbation_PD1_KO,PD1_KO,rules,42,4,0.075266,3.77146,0.019475,0.0,0.007046,0.020093
perturbation_PD1_KO,PD1_KO,rules,42,5,0.072789,3.666919,0.021902,0.0,0.00809,0.024153
perturbation_PD1_KO,PD1_KO,rules,42,6,0.070349,3.563292,0.023212,0.0,0.008922,0.027889
perturbation_PD1_KO,PD1_KO,rules,42,7,0.067952,3.460847,0.027891,0.0,0.009559,0.032975
perturbation_PD1_KO,PD1_KO,rules,42,8,0.06557,3.358341,0.030477,0.0,0.01008,0.042155
perturbation_PD1_KO,PD1_KO,rules,42,9,0.063219,3.256533,0.033054,0.0,0.010506,0.054575
perturbation_PD1_KO,PD1_KO,rules,42,10,0.060894,3.155174,0.035249,0.0,0.010869,0.068252
perturbation_PD1_KO,PD1_KO,rules,42,11,0.05861,3.055285,0.035974,0.0,0.011122,0.081735
perturbation_PD1_KO,PD1_KO,rules,42,12,0.056344,2.955662,0.039377,0.0,0.011348,0.094514
perturbation_PD1_KO,PD1_KO,rules,42,13,0.054098,2.857726,0.039564,0.0,0.011556,0.106495
perturbation_PD1_KO,PD1_KO,rules,42,14,0.051869,2.760707,0.040357,0.0,0.011748,0.117893
perturbation_PD1_KO,PD1_KO,rules,42,15,0.04971,2.666507,0.042197,0.0,0.011905,0.128455
perturbation_PD1_KO,PD1_KO,rules,42,16,0.047675,2.578659,0.042727,0.0,0.01193,0.138021
perturbation_PD1_KO,PD1_KO,rules,42,17,0.045717,2.495288,0.043079,0.0,0.011923,0.146372
perturbation_PD1_KO,PD1_KO,rules,42,18,0.043869,2.417547,0.044146,0.0,0.011901,0.15368
perturbation_PD1_KO,PD1_KO,rules,42,19,0.042131,2.344952,0.044732,0.0,0.011788,0.159953
perturbation_PD1_KO,PD1_KO,rules,42,20,0.040476,2.276685,0.045259,0.0,0.011624,0.16535
perturbation_PD1_KO,PD1_KO,rules,42,21,0.038854,2.210041,0.045733,0.0,0.011585,0.170315
perturbation_PD1_KO,PD1_KO,rules,42,22,0.037301,2.145563,0.045784,0.0,0.011583,0.175032
perturbation_PD1_KO,PD1_KO,rules,42,23,0.035784,2.081665,0.046956,0.0,0.011598,0.179297
perturbation_PD1_KO,PD1_KO,rules,42,24,0.034315,2.019181,0.046385,0.0,0.011621,0.183146
perturbation_PD1_KO,PD1_KO,rules,42,25,0.032911,1.959246,0.045497,0.0,0.011469,0.186312
perturbation_PD1_KO,PD1_KO,rules,42,26,0.031538,1.900967,0.047322,0.0,0.011281,0.18915
perturbation_PD1_KO,PD1_KO,rules,42,27,0.030227,1.844747,0.04684,0.0,0.010907,0.189886
perturbation_PD1_KO,PD1_KO,rules,42,28,0.028944,1.789571,0.046156,0.0,0.010369,0.189438
perturbation_PD1_KO,PD1_KO,rules,42,29,0.027665,1.734901,0.047665,0.0,0.009837,0.189175
perturbation_PD1_KO,PD1_KO,rules,42,30,0.02649,1.682973,0.047274,0.0,0.00913,0.187209
perturbation_PD1_KO,PD1_KO,rules,456,1,0.082785,4.083627,0.0,0.0,0.002447,0.005496
perturbation_PD1_KO,PD1_KO,rules,456,2,0.080205,3.976726,0.008625,0.0,0.004423,0.010553
perturbation_PD1_KO,PD1_KO,rules,456,3,0.077667,3.870777,0.013638,0.0,0.005999,0.015205
perturbation_PD1_KO,PD1_KO,rules,456,4,0.075134,3.764025,0.018024,0.0,0.007308,0.019485
perturbation_PD1_KO,PD1_KO,rules,456,5,0.072594,3.655998,0.019721,0.0,0.008465,0.023423
perturbation_PD1_KO,PD1_KO,rules,456,6,0.070074,3.548235,0.021749,0.0,0.009421,0.027045
perturbation_PD1_KO,PD1_KO,rules,456,7,0.067584,3.440978,0.026024,0.0,0.010194,0.032653
perturbation_PD1_KO,PD1_KO,rules,456,8,0.065083,3.332232,0.027247,0.0,0.010912,0.041337
perturbation_PD1_KO,PD1_KO,rules,456,9,0.062629,3.224985,0.030347,0.0,0.011443,0.053301
perturbation_PD1_KO,PD1_KO,rules,456,10,0.060179,3.117203,0.032312,0.0,0.011975,0.066559
perturbation_PD1_KO,PD1_KO,rules,456,11,0.057756,3.010076,0.033331,0.0,0.012402,0.08183
perturbation_PD1_KO,PD1_KO,rules,456,12,0.05539,2.904933,0.037373,0.0,0.0127,0.09618
perturbation_PD1_KO,PD1_KO,rules,456,13,0.053022,2.798849,0.036636,0.0,0.013016,0.109832
perturbation_PD1_KO,PD1_KO,rules,456,14,0.050689,2.695362,0.037972,0.0,0.013263,0.122467
perturbation_PD1_KO,PD1_KO,rules,456,15,0.04842,2.596513,0.041675,0.0,0.013392,0.134091
perturbation_PD1_KO,PD1_KO,rules,456,16,0.046246,2.503326,0.040757,0.0,0.013455,0.14456
perturbation_PD1_KO,PD1_KO,rules,456,17,0.044156,2.414476,0.041682,0.0,0.013341,0.153517
perturbation_PD1_KO,PD1_KO,rules,456,18,0.042218,2.332534,0.044889,0.0,0.013129,0.160857
perturbation_PD1_KO,PD1_KO,rules,456,19,0.040335,2.252276,0.0444,0.0,0.012975,0.16746
perturbation_PD1_KO,PD1_KO,rules,456,20,0.038595,2.17787,0.04441,0.0,0.012721,0.172809
perturbation_PD1_KO,PD1_KO,rules,456,21,0.036957,2.109011,0.046169,0.0,0.01245,0.177206
perturbation_PD1_KO,PD1_KO,rules,456,22,0.035355,2.041332,0.046052,0.0,0.012225,0.181401
perturbation_PD1_KO,PD1_KO,rules,456,23,0.033855,1.977855,0.046322,0.0,0.011861,0.183985
perturbation_PD1_KO,PD1_KO,rules,456,24,0.032383,1.9156,0.04494,0.0,0.011477,0.185538
perturbation_PD1_KO,PD1_KO,rules,456,25,0.031039,1.859009,0.046196,0.0,0.010978,0.186966
perturbation_PD1_KO,PD1_KO,rules,456,26,0.029774,1.80572,0.047826,0.0,0.010427,0.186555
perturbation_PD1_KO,PD1_KO,rules,456,27,0.028498,1.751736,0.045043,0.0,0.00993,0.185502
perturbation_PD1_KO,PD1_KO,rules,456,28,0.027258,1.698769,0.045914,0.0,0.009394,0.184158
perturbation_PD1_KO,PD1_KO,rules,456,29,0.026101,1.649425,0.047698,0.0,0.008812,0.181272
perturbation_PD1_KO,PD1_KO,rules,456,30,0.024955,1.600196,0.045553,0.0,0.008215,0.178316
perturbation_CTLA4_KO,CTLA4_KO,deepseek,123,1,0.082785,4.083627,0.0,0.0,0.002509,0.005554
perturbation_CTLA4_KO,CTLA4_KO,deepseek,123,2,0.080234,3.978449,0.012625,0.0,0.004432,0.010664
perturbation_CTLA4_KO,CTLA4_KO,deepseek,123,3,0.077775,3.876665,0.021737,0.0,0.005839,0.015365
perturbation_CTLA4_KO,CTLA4_KO,deepseek,123,4,0.075359,3.776025,0.025939,0.0,0.006931,0.01969
perturbation_CTLA4_KO,CTLA4_KO,deepseek,123,5,0.072989,3.676781,0.03297,0.00575,0.049771,0.068118
perturbation_CTLA4_KO,CTLA4_KO,deepseek,123,6,0.070626,3.576931,0.029923,0.005448,0.042562,0.068523
perturbation_CTLA4_KO,CTLA4_KO,deepseek,123,7,0.068318,3.478979,0.038056,0.005161,0.036707,0.07212
perturbation_CTLA4_KO,CTLA4_KO,deepseek,123,8,0.066023,3.380911,0.039375,0.00489,0.032102,0.07783
perturbation_CTLA4_KO,CTLA4_KO,deepseek,123,9,0.063742,3.282727,0.041063,0.004634,0.02847,0.084882
perturbation_CTLA4_KO,CTLA4_KO,deepseek,123,10,0.061496,3.185473,0.051956,0.010892,0.065157,0.150596
perturbation_CTLA4_KO,CTLA4_KO,deepseek,123,11,0.059253,3.087745,0.046886,0.010286,0.055257,0.156767
perturbation_CTLA4_KO,CTLA4_KO,deepseek,123,12,0.057084,2.992939,0.053197,0.00971,0.047201,0.16268
perturbation_CTLA4_KO,CTLA4_KO,deepseek,123,13,0.054954,2.899421,0.053252,0.009165,0.040732,0.168353
perturbation_CTLA4_KO,CTLA4_KO,deepseek,123,14,0.052858,2.809553,0.053802,0.008647,0.035539,0.173272
perturbation_CTLA4_KO,CTLA4_KO,deepseek,123,15,0.0508,2.723321,0.057547,0.014281,0.056553,0.241148
perturbation_CTLA4_KO,CTLA4_KO,deepseek,123,16,0.04884,2.641228,0.051792,0.013499,0.048512,0.241193
perturbation_CTLA4_KO,CTLA4_KO,deepseek,123,17,0.046996,2.563644,0.056963,0.012758,0.041984,0.240934
perturbation_CTLA4_KO,CTLA4_KO,deepseek,123,18,0.045205,2.488058,0.057667,0.012055,0.036788,0.240771
perturbation_CTLA4_KO,CTLA4_KO,deepseek,123,19,0.043485,2.415407,0.056925,0.011389,0.032629,0.240396
perturbation_CTLA4_KO,CTLA4_KO,deepseek,123,20,0.041801,2.344124,0.059858,0.015899,0.043086,0.306452
perturbation_CTLA4_KO,CTLA4_KO,deepseek,123,21,0.040101,2.27223,0.053872,0.015034,0.037925,0.30098
perturbation_CTLA4_KO,CTLA4_KO,deepseek,123,22,0.038491,2.205101,0.05906,0.014214,0.033693,0.295546
perturbation_CTLA4_KO,CTLA4_KO,deepseek,123,23,0.036955,2.140088,0.059229,0.013436,0.030377,0.290471
perturbation_CTLA4_KO,CTLA4_KO,deepseek,123,24,0.035485,2.078225,0.058631,0.012698,0.027539,0.286703
perturbation_CTLA4_KO,CTLA4_KO,deepseek,123,25,0.034005,2.014504,0.064393,0.017373,0.037283,0.345786
perturbation_CTLA4_KO,CTLA4_KO,deepseek,123,26,0.032553,1.952231,0.057953,0.016438,0.033186,0.336497
perturbation_CTLA4_KO,CTLA4_KO,deepseek,123,27,0.031146,1.89188,0.063158,0.01555,0.029749,0.328175
perturbation_CTLA4_KO,CTLA4_KO,deepseek,123,28,0.029819,1.834061,0.061467,0.014708,0.026929,0.31917
perturbation_CTLA4_KO,CTLA4_KO,deepseek,123,29,0.02858,1.780761,0.061321,0.013908,0.024243,0.310735
perturbation_CTLA4_KO,CTLA4_KO,deepseek,123,30,0.027378,1.727719,0.061688,0.020899,0.042652,0.373475
perturbation_CTLA4_KO,CTLA4_KO,deepseek,42,1,0.082785,4.083627,0.0,0.0,0.002473,0.005668
perturbation_CTLA4_KO,CTLA4_KO,deepseek,42,2,0.080266,3.980013,0.01375,0.0,0.004295,0.010882
perturbation_CTLA4_KO,CTLA4_KO,deepseek,42,3,0.077858,3.880886,0.023125,0.0,0.005574,0.015679
perturbation_CTLA4_KO,CTLA4_KO,deepseek,42,4,0.075472,3.781864,0.027438,0.0,0.006617,0.020093
perturbation_CTLA4_KO,CTLA4_KO,deepseek,42,5,0.073112,3.683222,0.036069,0.00775,0.048716,0.072403
perturbation_CTLA4_KO,CTLA4_KO,deepseek,42,6,0.070782,3.5852,0.032712,0.007344,0.041553,0.072579
perturbation_CTLA4_KO,CTLA4_KO,deepseek,42,7,0.068488,3.488066,0.040641,0.006959,0.035811,0.07329
perturbation_CTLA4_KO,CTLA4_KO,deepseek,42,8,0.066206,3.390803,0.041902,0.006595,0.031233,0.07762
perturbation_CTLA4_KO,CTLA4_KO,deepseek,42,9,0.063934,3.293183,0.044036,0.006251,0.027623,0.086403
perturbation_CTLA4_KO,CTLA4_KO,deepseek,42,10,0.061683,3.195822,0.047508,0.0123,0.07177,0.153258
perturbation_CTLA4_KO,CTLA4_KO,deepseek,42,11,0.059455,3.098834,0.042757,0.011607,0.060428,0.15929
perturbation_CTLA4_KO,CTLA4_KO,deepseek,42,12,0.057244,3.002467,0.050606,0.010952,0.051379,0.165375
perturbation_CTLA4_KO,CTLA4_KO,deepseek,42,13,0.055047,2.906433,0.049421,0.010332,0.044179,0.171431
perturbation_CTLA4_KO,CTLA4_KO,deepseek,42,14,0.052881,2.81202,0.050229,0.009745,0.038423,0.177303
perturbation_CTLA4_KO,CTLA4_KO,deepseek,42,15,0.050733,2.718316,0.054831,0.013689,0.05107,0.24533
perturbation_CTLA4_KO,CTLA4_KO,deepseek,42,16,0.048672,2.629974,0.049348,0.012928,0.044022,0.246116
perturbation_CTLA4_KO,CTLA4_KO,deepseek,42,17,0.046752,2.549278,0.054188,0.012207,0.038248,0.24599
perturbation_CTLA4_KO,CTLA4_KO,deepseek,42,18,0.044932,2.47293,0.055719,0.011525,0.033597,0.245649
perturbation_CTLA4_KO,CTLA4_KO,deepseek,42,19,0.043214,2.40054,0.054772,0.010878,0.029816,0.24511
perturbation_CTLA4_KO,CTLA4_KO,deepseek,42,20,0.041568,2.330646,0.06067,0.016016,0.038006,0.30344
perturbation_CTLA4_KO,CTLA4_KO,deepseek,42,21,0.039931,2.2617,0.054603,0.015025,0.033474,0.298325
perturbation_CTLA4_KO,CTLA4_KO,deepseek,42,22,0.038323,2.193448,0.059143,0.014088,0.029994,0.293801
perturbation_CTLA4_KO,CTLA4_KO,deepseek,42,23,0.036781,2.128237,0.059853,0.013202,0.027175,0.289489
perturbation_CTLA4_KO,CTLA4_KO,deepseek,42,24,0.035306,2.065519,0.058118,0.012364,0.024825,0.285672
perturbation_CTLA4_KO,CTLA4_KO,deepseek,42,25,0.033843,2.004867,0.060556,0.018446,0.035114,0.34571
perturbation_CTLA4_KO,CTLA4_KO,deepseek,42,26,0.032415,1.944496,0.054501,0.01733,0.031249,0.336464
perturbation_CTLA4_KO,CTLA4_KO,deepseek,42,27,0.031063,1.886209,0.059926,0.016282,0.027912,0.327283
perturbation_CTLA4_KO,CTLA4_KO,deepseek,42,28,0.029736,1.828841,0.058683,0.01533,0.025065,0.318986
perturbation_CTLA4_KO,CTLA4_KO,deepseek,42,29,0.028482,1.774662,0.05944,0.014428,0.022495,0.309628
perturbation_CTLA4_KO,CTLA4_KO,deepseek,42,30,0.027222,1.719597,0.059496,0.019201,0.028738,0.368719
perturbation_CTLA4_KO,CTLA4_KO,deepseek,456,1,0.082785,4.083627,0.0,0.0,0.002447,0.005496
perturbation_CTLA4_KO,CTLA4_KO,deepseek,456,2,0.080225,3.977726,0.01275,0.0,0.004368,0.010553
perturbation_CTLA4_KO,CTLA4_KO,deepseek,456,3,0.077767,3.875772,0.0211,0.0,0.005728,0.015205
perturbation_CTLA4_KO,CTLA4_KO,deepseek,456,4,0.075362,3.775493,0.02669,0.0,0.006781,0.019435
perturbation_CTLA4_KO,CTLA4_KO,deepseek,456,5,0.072964,3.674629,0.029971,0.008375,0.057317,0.072327
perturbation_CTLA4_KO,CTLA4_KO,deepseek,456,6,0.070578,3.573437,0.027049,0.007942,0.048708,0.072287
perturbation_CTLA4_KO,CTLA4_KO,deepseek,456,7,0.068264,3.47495,0.035744,0.007533,0.041672,0.07355
perturbation_CTLA4_KO,CTLA4_KO,deepseek,456,8,0.065932,3.374766,0.03637,0.007145,0.036199,0.078313
perturbation_CTLA4_KO,CTLA4_KO,deepseek,456,9,0.063677,3.277536,0.039558,0.006777,0.031639,0.085469
perturbation_CTLA4_KO,CTLA4_KO,deepseek,456,10,0.06143,3.179908,0.045852,0.012554,0.074434,0.151478
perturbation_CTLA4_KO,CTLA4_KO,deepseek,456,11,0.059229,3.083778,0.041517,0.011897,0.062629,0.157131
perturbation_CTLA4_KO,CTLA4_KO,deepseek,456,12,0.057067,2.988853,0.050815,0.011275,0.053163,0.163032
perturbation_CTLA4_KO,CTLA4_KO,deepseek,456,13,0.054905,2.893625,0.048984,0.010686,0.045695,0.168836
perturbation_CTLA4_KO,CTLA4_KO,deepseek,456,14,0.052765,2.80045,0.04971,0.010129,0.039784,0.17455
perturbation_CTLA4_KO,CTLA4_KO,deepseek,456,15,0.0507,2.710774,0.057864,0.015975,0.063054,0.237408
perturbation_CTLA4_KO,CTLA4_KO,deepseek,456,16,0.048679,2.623802,0.052078,0.015139,0.053789,0.237849
perturbation_CTLA4_KO,CTLA4_KO,deepseek,456,17,0.046727,2.540287,0.05462,0.014346,0.046347,0.237879
perturbation_CTLA4_KO,CTLA4_KO,deepseek,456,18,0.044851,2.462195,0.056533,0.013596,0.040341,0.237383
perturbation_CTLA4_KO,CTLA4_KO,deepseek,456,19,0.043083,2.388313,0.054005,0.012885,0.035535,0.236701
perturbation_CTLA4_KO,CTLA4_KO,deepseek,456,20,0.041405,2.317723,0.059104,0.017586,0.049373,0.297849
perturbation_CTLA4_KO,CTLA4_KO,deepseek,456,21,0.039756,2.250634,0.053194,0.016664,0.042828,0.291959
perturbation_CTLA4_KO,CTLA4_KO,deepseek,456,22,0.038234,2.186706,0.058124,0.015791,0.037553,0.286766
perturbation_CTLA4_KO,CTLA4_KO,deepseek,456,23,0.036737,2.124583,0.059187,0.014965,0.033277,0.281688
perturbation_CTLA4_KO,CTLA4_KO,deepseek,456,24,0.035289,2.064588,0.057643,0.014182,0.029709,0.277091
perturbation_CTLA4_KO,CTLA4_KO,deepseek,456,25,0.033893,2.006858,0.059504,0.019565,0.037483,0.331487
perturbation_CTLA4_KO,CTLA4_KO,deepseek,456,26,0.032522,1.948593,0.053554,0.018493,0.032862,0.321896
perturbation_CTLA4_KO,CTLA4_KO,deepseek,456,27,0.031154,1.890479,0.058698,0.017478,0.029102,0.313371
perturbation_CTLA4_KO,CTLA4_KO,deepseek,456,28,0.029804,1.833798,0.058203,0.016516,0.025929,0.304029
perturbation_CTLA4_KO,CTLA4_KO,deepseek,456,29,0.028555,1.780911,0.058883,0.015605,0.023032,0.295584
perturbation_CTLA4_KO,CTLA4_KO,deepseek,456,30,0.027328,1.729319,0.060245,0.021036,0.026972,0.347015
perturbation_CTLA4_KO,CTLA4_KO,rules,123,1,0.082785,4.083627,0.0,0.0,0.002509,0.005554
perturbation_CTLA4_KO,CTLA4_KO,rules,123,2,0.080234,3.978449,0.012625,0.0,0.004432,0.010664
perturbation_CTLA4_KO,CTLA4_KO,rules,123,3,0.077775,3.876665,0.021737,0.0,0.005839,0.015365
perturbation_CTLA4_KO,CTLA4_KO,rules,123,4,0.075359,3.776025,0.025939,0.0,0.006931,0.01969
perturbation_CTLA4_KO,CTLA4_KO,rules,123,5,0.072989,3.676781,0.02797,0.0,0.007771,0.023668
perturbation_CTLA4_KO,CTLA4_KO,rules,123,6,0.070616,3.576431,0.030548,0.0,0.008525,0.027329
perturbation_CTLA4_KO,CTLA4_KO,rules,123,7,0.068273,3.476732,0.033618,0.0,0.009126,0.033697
perturbation_CTLA4_KO,CTLA4_KO,rules,123,8,0.065959,3.377824,0.035256,0.0,0.00961,0.04173
perturbation_CTLA4_KO,CTLA4_KO,rules,123,9,0.063651,3.27831,0.037356,0.0,0.010058,0.052121
perturbation_CTLA4_KO,CTLA4_KO,rules,123,10,0.061376,3.179712,0.039995,0.0,0.010391,0.06393
perturbation_CTLA4_KO,CTLA4_KO,rules,123,11,0.059121,3.081286,0.041246,0.0,0.010685,0.07547
perturbation_CTLA4_KO,CTLA4_KO,rules,123,12,0.056923,2.985103,0.043871,0.0,0.010841,0.087661
perturbation_CTLA4_KO,CTLA4_KO,rules,123,13,0.054778,2.892139,0.044734,0.0,0.010906,0.098802
perturbation_CTLA4_KO,CTLA4_KO,rules,123,14,0.052661,2.801198,0.045636,0.0,0.010962,0.109127
perturbation_CTLA4_KO,CTLA4_KO,rules,123,15,0.050582,2.713432,0.047447,0.0,0.011022,0.118626
perturbation_CTLA4_KO,CTLA4_KO,rules,123,16,0.04857,2.630074,0.047577,0.0,0.011102,0.127665
perturbation_CTLA4_KO,CTLA4_KO,rules,123,17,0.046686,2.550472,0.047945,0.0,0.011189,0.136131
perturbation_CTLA4_KO,CTLA4_KO,rules,123,18,0.044908,2.475599,0.0494,0.0,0.011133,0.143394
perturbation_CTLA4_KO,CTLA4_KO,rules,123,19,0.043181,2.402872,0.04921,0.0,0.011084,0.149852
perturbation_CTLA4_KO,CTLA4_KO,rules,123,20,0.041524,2.333129,0.049789,0.0,0.011037,0.155343
perturbation_CTLA4_KO,CTLA4_KO,rules,123,21,0.039942,2.266754,0.050685,0.0,0.010936,0.159944
perturbation_CTLA4_KO,CTLA4_KO,rules,123,22,0.038414,2.203207,0.050117,0.0,0.01079,0.163878
perturbation_CTLA4_KO,CTLA4_KO,rules,123,23,0.036946,2.141218,0.05123,0.0,0.010492,0.166747
perturbation_CTLA4_KO,CTLA4_KO,rules,123,24,0.035533,2.081923,0.050982,0.0,0.010171,0.169086
perturbation_CTLA4_KO,CTLA4_KO,rules,123,25,0.034165,2.024318,0.050759,0.0,0.009807,0.170488
perturbation_CTLA4_KO,CTLA4_KO,rules,123,26,0.032814,1.966127,0.051808,0.0,0.009305,0.170578
perturbation_CTLA4_KO,CTLA4_KO,rules,123,27,0.031524,1.910715,0.051377,0.0,0.008826,0.169686
perturbation_CTLA4_KO,CTLA4_KO,rules,123,28,0.030259,1.855049,0.050864,0.0,0.008387,0.168715
perturbation_CTLA4_KO,CTLA4_KO,rules,123,29,0.029031,1.801718,0.051778,0.0,0.007927,0.167297
perturbation_CTLA4_KO,CTLA4_KO,rules,123,30,0.027834,1.748786,0.050975,0.0,0.007446,0.165317
perturbation_CTLA4_KO,CTLA4_KO,rules,42,1,0.082785,4.083627,0.0,0.0,0.002473,0.005668
perturbation_CTLA4_KO,CTLA4_KO,rules,42,2,0.080266,3.980013,0.01375,0.0,0.004295,0.010882
perturbation_CTLA4_KO,CTLA4_KO,rules,42,3,0.077858,3.880886,0.023125,0.0,0.005574,0.015679
perturbation_CTLA4_KO,CTLA4_KO,rules,42,4,0.075472,3.781864,0.027438,0.0,0.006617,0.020093
perturbation_CTLA4_KO,CTLA4_KO,rules,42,5,0.073112,3.683222,0.029569,0.0,0.007466,0.024153
perturbation_CTLA4_KO,CTLA4_KO,rules,42,6,0.070782,3.5852,0.031487,0.0,0.008151,0.027889
perturbation_CTLA4_KO,CTLA4_KO,rules,42,7,0.068487,3.488041,0.034838,0.0,0.008674,0.032375
perturbation_CTLA4_KO,CTLA4_KO,rules,42,8,0.0662,3.390639,0.036604,0.0,0.009116,0.040553
perturbation_CTLA4_KO,CTLA4_KO,rules,42,9,0.063923,3.292875,0.038944,0.0,0.009526,0.052201
perturbation_CTLA4_KO,CTLA4_KO,rules,42,10,0.061664,3.195234,0.03955,0.0,0.009876,0.064568
perturbation_CTLA4_KO,CTLA4_KO,rules,42,11,0.059423,3.097707,0.04072,0.0,0.010185,0.076845
perturbation_CTLA4_KO,CTLA4_KO,rules,42,12,0.057203,3.000539,0.044023,0.0,0.010447,0.08889
perturbation_CTLA4_KO,CTLA4_KO,rules,42,13,0.055006,2.904146,0.043245,0.0,0.010676,0.100572
perturbation_CTLA4_KO,CTLA4_KO,rules,42,14,0.052825,2.809519,0.044671,0.0,0.010871,0.111544
perturbation_CTLA4_KO,CTLA4_KO,rules,42,15,0.05073,2.71952,0.046579,0.0,0.010926,0.120963
perturbation_CTLA4_KO,CTLA4_KO,rules,42,16,0.048754,2.635482,0.046296,0.0,0.010927,0.129779
perturbation_CTLA4_KO,CTLA4_KO,rules,42,17,0.046836,2.555091,0.046791,0.0,0.010946,0.137814
perturbation_CTLA4_KO,CTLA4_KO,rules,42,18,0.045049,2.480964,0.048987,0.0,0.010935,0.144832
perturbation_CTLA4_KO,CTLA4_KO,rules,42,19,0.04335,2.410813,0.048713,0.0,0.010896,0.151213
perturbation_CTLA4_KO,CTLA4_KO,rules,42,20,0.041708,2.343048,0.049467,0.0,0.010847,0.156934
perturbation_CTLA4_KO,CTLA4_KO,rules,42,21,0.040117,2.276175,0.04977,0.0,0.010749,0.161672
perturbation_CTLA4_KO,CTLA4_KO,rules,42,22,0.038572,2.211239,0.049543,0.0,0.010684,0.165881
perturbation_CTLA4_KO,CTLA4_KO,rules,42,23,0.037063,2.147522,0.051214,0.0,0.010657,0.169978
perturbation_CTLA4_KO,CTLA4_KO,rules,42,24,0.035596,2.086127,0.050093,0.0,0.010657,0.173448
perturbation_CTLA4_KO,CTLA4_KO,rules,42,25,0.034176,2.025361,0.050083,0.0,0.01048,0.17649
perturbation_CTLA4_KO,CTLA4_KO,rules,42,26,0.032793,1.96672,0.0517,0.0,0.010271,0.178313
perturbation_CTLA4_KO,CTLA4_KO,rules,42,27,0.03146,1.909171,0.05078,0.0,0.00991,0.178866
perturbation_CTLA4_KO,CTLA4_KO,rules,42,28,0.030184,1.854398,0.050452,0.0,0.009406,0.178324
perturbation_CTLA4_KO,CTLA4_KO,rules,42,29,0.028929,1.799725,0.052157,0.0,0.008906,0.177301
perturbation_CTLA4_KO,CTLA4_KO,rules,42,30,0.027719,1.747064,0.051566,0.0,0.008334,0.175385
perturbation_CTLA4_KO,CTLA4_KO,rules,456,1,0.082785,4.083627,0.0,0.0,0.002447,0.005496
perturbation_CTLA4_KO,CTLA4_KO,rules,456,2,0.080225,3.977726,0.01275,0.0,0.004368,0.010553
perturbation_CTLA4_KO,CTLA4_KO,rules,456,3,0.077767,3.875772,0.0211,0.0,0.005728,0.015205
perturbation_CTLA4_KO,CTLA4_KO,rules,456,4,0.075362,3.775493,0.02669,0.0,0.006781,0.019435
perturbation_CTLA4_KO,CTLA4_KO,rules,456,5,0.072964,3.674629,0.027221,0.0,0.007692,0.023327
perturbation_CTLA4_KO,CTLA4_KO,rules,456,6,0.070583,3.573687,0.029324,0.0,0.008448,0.026907
perturbation_CTLA4_KO,CTLA4_KO,rules,456,7,0.068241,3.473824,0.033142,0.0,0.009021,0.031476
perturbation_CTLA4_KO,CTLA4_KO,rules,456,8,0.065895,3.3729,0.033827,0.0,0.009547,0.039654
perturbation_CTLA4_KO,CTLA4_KO,rules,456,9,0.063615,3.274418,0.037195,0.0,0.009885,0.050178
perturbation_CTLA4_KO,CTLA4_KO,rules,456,10,0.061335,3.175128,0.0391,0.0,0.010223,0.06211
perturbation_CTLA4_KO,CTLA4_KO,rules,456,11,0.059094,3.077042,0.04069,0.0,0.010464,0.075113
perturbation_CTLA4_KO,CTLA4_KO,rules,456,12,0.056902,2.980621,0.045496,0.0,0.010618,0.0873
perturbation_CTLA4_KO,CTLA4_KO,rules,456,13,0.05472,2.884256,0.043897,0.0,0.010768,0.098837
perturbation_CTLA4_KO,CTLA4_KO,rules,456,14,0.052572,2.789049,0.045082,0.0,0.010887,0.109602
perturbation_CTLA4_KO,CTLA4_KO,rules,456,15,0.050491,2.699054,0.048774,0.0,0.010888,0.119355
perturbation_CTLA4_KO,CTLA4_KO,rules,456,16,0.04848,2.613183,0.046521,0.0,0.010829,0.127803
perturbation_CTLA4_KO,CTLA4_KO,rules,456,17,0.046565,2.531782,0.046994,0.0,0.010714,0.1352
perturbation_CTLA4_KO,CTLA4_KO,rules,456,18,0.044762,2.454013,0.04967,0.0,0.01051,0.141105
perturbation_CTLA4_KO,CTLA4_KO,rules,456,19,0.043011,2.381572,0.047703,0.0,0.010347,0.146388
perturbation_CTLA4_KO,CTLA4_KO,rules,456,20,0.041354,2.311554,0.049183,0.0,0.010124,0.150724
perturbation_CTLA4_KO,CTLA4_KO,rules,456,21,0.039796,2.246193,0.050389,0.0,0.009851,0.154037
perturbation_CTLA4_KO,CTLA4_KO,rules,456,22,0.03829,2.183927,0.049475,0.0,0.009545,0.156786
perturbation_CTLA4_KO,CTLA4_KO,rules,456,23,0.036855,2.124066,0.051403,0.0,0.009228,0.158714
perturbation_CTLA4_KO,CTLA4_KO,rules,456,24,0.035461,2.066581,0.050638,0.0,0.00887,0.160263
perturbation_CTLA4_KO,CTLA4_KO,rules,456,25,0.03413,2.012349,0.050449,0.0,0.008544,0.161014
perturbation_CTLA4_KO,CTLA4_KO,rules,456,26,0.032835,1.959285,0.052904,0.0,0.008184,0.161029
perturbation_CTLA4_KO,CTLA4_KO,rules,456,27,0.031561,1.906853,0.050364,0.0,0.007849,0.160443
perturbation_CTLA4_KO,CTLA4_KO,rules,456,28,0.030314,1.854331,0.050827,0.0,0.00747,0.159304
perturbation_CTLA4_KO,CTLA4_KO,rules,456,29,0.029143,1.804927,0.052369,0.0,0.007072,0.157281
perturbation_CTLA4_KO,CTLA4_KO,rules,456,30,0.027976,1.755322,0.050257,0.0,0.006694,0.15557
